COUNTSTATIONID,COUNTDATE,COUNTDIR,HOUR0,HOUR1,HOUR2,HOUR3,HOUR4,HOUR5,HOUR6,HOUR7,HOUR8,HOUR9,HOUR10,HOUR11,HOUR12,HOUR13,HOUR14,HOUR15,HOUR16,HOUR17,HOUR18,HOUR19,HOUR20,HOUR21,HOUR22,HOUR23,FormattedDate
000120,20200101,P,137,88,117,131,143,188,362,623,963,1406,2113,2453,2157,3011,3829,3769,3359,2717,2490,1888,1607,1310,439,225,01/01/2020
000120,20200101,S,130,154,138,117,156,369,1692,3189,2778,2509,2692,2649,2298,1904,1835,1663,1326,1026,806,557,466,332,246,203,01/01/2020
000120,20200102,P,116,85,91,74,158,315,613,1006,1249,1403,1866,2315,2685,2860,3587,3589,3487,3224,2348,1413,890,600,367,216,01/02/2020
000120,20200102,S,151,106,92,110,233,501,1645,3243,3024,2853,2392,2381,2120,1973,1888,1918,1579,1354,1046,792,559,446,369,307,01/02/2020
000120,20200103,P,152,116,95,104,162,286,575,941,1181,1564,2008,2171,2635,2982,3113,3052,3155,3006,2687,2115,630,1660,477,310,01/03/2020
000120,20200103,S,164,152,121,134,253,570,1578,3182,3307,2784,2418,2720,2977,2332,2288,2503,2261,2098,1828,1622,1153,729,430,318,01/03/2020
000120,20200104,P,170,118,123,144,138,350,434,890,1315,1709,2318,2972,3032,3558,3504,3755,3817,3712,3521,3067,2843,1032,575,341,01/04/2020
000120,20200104,S,211,138,117,133,229,1047,3364,3157,3073,2888,3016,3087,3036,2232,1948,1851,1702,1192,1002,776,566,428,345,234,01/04/2020
000120,20200105,P,180,83,113,128,161,304,428,820,1340,2271,3382,3795,3872,3863,3429,3769,3686,3530,3186,2830,1507,1043,371,153,01/05/2020
000120,20200105,S,159,122,81,84,122,492,2999,3296,2925,2131,2380,2374,2020,1979,1798,1617,1323,1018,796,613,429,316,219,183,01/05/2020
000120,20200106,P,113,104,97,113,133,296,702,1118,1178,1411,1777,2119,2036,2100,2347,2481,2381,1636,843,580,481,298,249,171,01/06/2020
000120,20200106,S,121,109,94,117,192,498,831,1664,2186,2006,1559,1461,1239,1283,1273,1315,1157,1010,815,604,419,301,242,168,01/06/2020
000120,20200107,P,98,85,64,90,153,220,314,645,725,775,1152,1244,860,989,1312,1916,1922,1425,696,374,268,202,156,158,01/07/2020
000120,20200107,S,125,94,110,94,218,490,894,1739,2374,2013,1579,1353,1138,1145,1165,1174,1192,977,834,590,465,366,291,168,01/07/2020
000120,20200108,P,110,80,75,81,116,273,407,581,399,787,837,790,1022,1486,1395,1896,1941,1289,613,335,348,170,78,75,01/08/2020
000120,20200108,S,153,126,87,106,220,413,863,1728,2254,2106,1705,1390,1302,1221,1248,1365,1300,1135,917,719,614,424,292,238,01/08/2020
000120,20200110,P,89,106,82,98,118,207,512,751,876,1080,1421,1686,1864,2327,2732,2824,2901,2163,1373,894,632,487,344,201,01/10/2020
000120,20200110,S,180,165,97,134,170,422,1047,2193,2882,2435,2068,1776,1792,1849,2130,2732,3351,3204,3141,2703,1880,1041,708,381,01/10/2020
000120,20200111,P,129,77,87,117,108,191,326,556,793,1207,1458,1783,2174,2897,3176,3588,3405,2692,2651,2379,1293,784,515,325,01/11/2020
000120,20200111,S,280,148,107,111,192,1034,3318,3146,2712,2730,2886,2970,2129,1817,1842,1731,1579,1227,951,795,549,412,323,175,01/11/2020
000120,20200112,P,165,84,83,99,95,171,248,499,950,1657,2888,3713,3989,3934,4246,4126,3981,3759,3041,2628,2485,1001,398,193,01/12/2020
000120,20200112,S,97,85,77,62,114,471,3165,3210,2393,1659,1838,1930,1640,1511,1505,1342,1144,990,818,557,422,343,210,161,01/12/2020
000120,20200113,P,98,74,56,73,136,319,731,1154,1081,1018,1243,1590,1067,1577,1789,1955,1952,1904,1163,678,445,303,194,117,01/13/2020
000120,20200113,S,113,78,79,89,188,410,819,1583,1908,1632,1404,1201,1013,991,1027,1042,1016,886,642,502,394,294,237,157,01/13/2020
000120,20200114,P,85,64,61,71,110,217,531,716,821,977,1110,1409,1406,1536,1780,2270,2254,1633,986,609,416,298,202,142,01/14/2020
000120,20200114,S,115,77,78,98,170,387,810,1671,1948,1854,1406,1148,1085,964,1005,1121,1051,849,874,601,465,413,311,208,01/14/2020
000120,20200115,P,112,74,76,99,150,262,513,759,896,1058,935,1406,1648,1533,2263,2797,2484,1728,1037,681,471,335,215,148,01/15/2020
000120,20200115,S,162,117,98,135,228,507,942,1894,2274,2115,1658,1331,1197,1169,1164,1203,1275,1108,815,754,540,411,386,244,01/15/2020
000120,20200116,P,95,97,74,79,133,231,528,669,907,834,1408,1056,1284,1563,1953,2389,2401,1854,1484,1291,856,436,266,174,01/16/2020
000120,20200116,S,193,128,114,128,201,492,902,1888,2321,2057,1913,1635,1381,1453,1607,1760,1929,1575,1434,1170,773,919,719,453,01/16/2020
000120,20200117,P,125,105,91,115,120,252,503,722,806,1018,1122,1317,1257,1732,1339,1290,1265,1710,1397,1441,1567,635,327,229,01/17/2020
000120,20200117,S,327,245,154,130,191,433,1232,2355,2354,2276,2042,2054,2032,2174,2455,2828,2855,2369,1815,1631,1363,980,727,518,01/17/2020
000120,20200118,P,124,99,87,121,114,157,234,502,810,1187,1657,1940,1889,2540,3053,3188,3376,3384,2338,1207,901,649,449,276,01/18/2020
000120,20200118,S,377,271,143,112,234,1650,3300,3130,2613,2575,2738,2953,3220,2567,2287,2261,1910,1641,1233,921,731,584,339,245,01/18/2020
000120,20200119,P,159,124,90,128,124,176,255,480,840,1458,2367,3038,3172,3529,3583,3884,3807,3582,2103,2169,1523,921,394,206,01/19/2020
000120,20200119,S,174,139,103,80,140,594,3195,3177,2859,2095,2269,2209,1845,1736,1643,1434,1238,1012,823,611,494,404,262,205,01/19/2020
000120,20200120,P,120,96,71,125,172,372,821,1306,1747,2510,3214,3423,3564,3652,3904,3949,3909,3505,2796,1544,1067,565,279,156,01/20/2020
000120,20200120,S,116,104,75,84,213,546,1929,3204,2774,2098,1987,1784,1455,1461,1342,1277,1220,973,740,591,426,312,216,167,01/20/2020
000120,20200121,P,98,71,73,90,142,276,713,972,1099,1124,1406,1453,1530,1904,1822,2070,1892,1465,920,603,341,245,189,116,01/21/2020
000120,20200121,S,118,93,99,96,207,440,806,1530,1896,1656,1400,1174,1098,1038,1000,1113,1056,882,786,612,504,403,263,155,01/21/2020
000120,20200122,P,79,70,74,77,113,222,452,682,797,837,986,1120,1224,1552,1651,2286,1885,1186,841,533,563,322,217,143,01/22/2020
000120,20200122,S,128,94,80,90,182,379,777,1537,2011,1755,1452,1295,1091,1126,1190,1262,1266,1041,891,629,553,443,313,261,01/22/2020
000120,20200123,P,94,90,54,81,113,217,423,573,353,503,1276,1299,1180,1371,2093,2226,2318,1558,1136,883,535,372,245,163,01/23/2020
000120,20200123,S,170,117,95,135,227,500,959,2028,2417,1986,1722,1471,1367,1435,1622,1753,1773,1691,1481,1318,961,703,478,330,01/23/2020
000120,20200124,P,143,71,77,96,123,210,477,748,767,980,1227,1426,1491,2259,2776,2948,2907,2798,1582,1038,772,524,344,209,01/24/2020
000120,20200124,S,249,197,101,128,235,525,1514,2963,3385,2945,2432,2452,2491,2727,2960,3078,3625,3153,3340,3087,2388,1265,738,357,01/24/2020
000120,20200125,P,126,94,80,89,113,147,255,469,738,1129,1595,1770,2180,2780,3399,3651,3735,3566,3507,2692,1452,1028,605,356,01/25/2020
000120,20200125,S,279,132,127,131,250,1503,3440,3241,2763,2659,2805,3000,2811,2169,2056,1917,1842,1385,1092,868,606,431,329,216,01/25/2020
000120,20200126,P,231,86,106,104,133,202,356,710,1284,2185,3663,3787,4030,3987,3864,4019,3904,3820,3738,3819,3730,3063,656,289,01/26/2020
000120,20200126,S,128,100,94,199,113,242,289,2749,2585,2052,2323,2191,1856,1797,1764,1671,1349,1180,876,612,437,326,233,146,01/26/2020
000120,20200127,P,170,123,70,103,161,409,967,1454,1333,1316,1374,2129,1890,1816,2317,2294,1998,1640,1030,619,451,312,210,111,01/27/2020
000120,20200127,S,124,96,90,106,210,426,826,1491,1872,1788,1499,1237,1132,1064,981,1056,953,786,695,481,350,281,206,164,01/27/2020
000120,20200128,P,68,65,54,79,116,215,580,776,891,990,1320,1372,1481,1787,2208,2434,2267,1776,1055,697,507,319,254,156,01/28/2020
000120,20200128,S,103,91,94,102,182,419,817,1702,2134,2035,1557,1250,1094,1037,1085,1113,1131,985,740,561,492,394,260,167,01/28/2020
000120,20200129,P,131,75,69,72,112,235,508,770,917,1004,1070,1197,1394,1587,1854,1966,1934,1423,875,614,481,304,206,129,01/29/2020
000120,20200129,S,155,96,74,110,198,427,806,1559,1891,1790,1418,1183,1158,1065,1162,1250,1259,1082,904,683,562,424,293,244,01/29/2020
000120,20200130,P,106,70,67,94,121,239,533,759,835,1022,1101,1318,1463,1722,1968,2135,1866,1503,673,687,575,502,269,166,01/30/2020
000120,20200130,S,237,127,91,123,189,457,905,1838,2149,2153,1764,1545,1415,1570,1652,1714,1744,1473,1318,1107,885,672,508,365,01/30/2020
000120,20200131,P,111,103,75,101,133,227,484,708,856,1066,1242,1464,1620,2092,2585,3039,2998,2261,1488,1042,758,541,382,234,01/31/2020
000120,20200131,S,281,175,128,116,213,499,1260,2762,2418,3134,2780,2230,2145,2309,2614,3047,3495,3225,3178,2487,1884,1174,697,401,01/31/2020
000120,20200201,P,159,129,123,99,154,223,309,590,826,1262,1783,2047,2215,2815,3409,3927,3955,3583,3136,1740,1212,807,535,276,02/01/2020
000120,20200201,S,350,246,154,141,224,1311,3405,3289,2933,2777,2806,2426,860,1833,601,593,1293,1233,741,380,312,986,846,246,02/01/2020
000120,20200202,P,174,134,137,141,175,224,345,764,1342,2206,3463,3647,3589,3739,4056,4108,3848,3347,2796,1596,1291,1490,471,234,02/02/2020
000120,20200202,S,155,105,105,96,134,516,2906,3171,2053,1908,1127,1687,1590,1785,1606,1483,1119,832,660,521,491,513,320,184,02/02/2020
000120,20200204,P,77,52,73,70,70,181,372,474,587,675,916,1102,1230,1322,1510,1600,1558,1235,812,573,404,306,231,169,02/04/2020
000120,20200204,S,1188,339,337,74,1129,670,225,813,1110,953,1012,1349,546,607,1528,502,427,367,416,429,359,315,252,169,02/04/2020
000120,20200205,P,137,93,83,86,136,232,465,793,906,1022,1242,1465,1444,1661,1813,1933,1975,1498,1005,763,526,400,270,172,02/05/2020
000120,20200205,S,143,117,73,108,162,337,771,1404,1725,1830,1642,1488,1409,1413,1494,1604,1532,1302,1152,852,738,532,426,304,02/05/2020
000120,20200206,P,140,71,78,86,120,200,460,629,738,893,994,1095,900,1161,1068,872,914,838,812,884,940,533,281,69,02/06/2020
000120,20200206,S,250,166,123,120,207,439,819,1532,1849,1655,1673,1477,1542,1525,1695,1543,1590,1408,1353,827,620,312,225,213,02/06/2020
000120,20200207,P,37,32,42,27,99,80,224,186,159,239,416,395,476,474,765,707,213,461,541,379,136,239,185,99,02/07/2020
000120,20200207,S,171,112,84,106,197,672,1102,1800,1669,1033,1038,357,106,1247,2155,2683,9,17,2,5,41,125,425,133,02/07/2020
000120,20200208,P,73,78,76,83,114,180,333,607,972,1111,1143,1609,2345,2592,3225,3334,3379,3407,2325,1480,887,605,657,437,02/08/2020
000120,20200208,S,76,93,68,429,1846,1975,2876,2974,2632,2648,2531,2812,2500,1907,1426,1909,1516,1206,936,768,604,480,302,200,02/08/2020
000120,20200209,P,180,136,139,130,152,219,363,740,1260,2039,2264,2802,2506,2681,3461,2861,2293,1946,1964,1884,1524,891,349,165,02/09/2020
000120,20200209,S,126,83,75,67,107,764,2021,1702,1282,1042,1310,1227,1096,1046,1077,971,853,607,451,323,237,209,176,134,02/09/2020
000120,20200210,P,96,61,72,89,116,328,821,1283,1259,1339,1533,1760,1911,2369,2399,2516,2134,2009,1281,755,386,244,166,113,02/10/2020
000120,20200210,S,87,92,68,97,189,353,957,2180,2357,1912,1453,1253,1103,1028,959,913,937,761,414,432,305,212,222,162,02/10/2020
000120,20200211,P,87,103,79,73,143,258,683,776,817,1116,1072,1322,1363,1704,2102,2488,2477,1982,1124,688,505,311,212,144,02/11/2020
000120,20200211,S,150,93,102,94,130,297,598,1461,2222,2287,1790,1357,1134,1062,1589,2116,1501,1775,1636,531,452,407,372,207,02/11/2020
000120,20200212,P,108,60,73,88,130,252,504,811,924,969,1229,1320,1389,1672,1901,2055,2066,1544,934,599,431,291,170,104,02/12/2020
000120,20200212,S,169,116,109,106,189,414,830,1695,2131,1768,1594,1301,1106,1164,1256,1266,1127,895,859,628,483,371,297,296,02/12/2020
000120,20200213,P,80,71,69,75,113,224,425,669,760,865,1176,1279,1294,1366,2056,1694,2146,2327,1520,820,549,424,282,201,02/13/2020
000120,20200213,S,285,188,132,133,193,370,796,1718,2277,2258,1896,1624,1561,1646,1927,2015,2071,2086,1955,1870,1351,1058,677,554,02/13/2020
000120,20200214,P,134,96,94,73,153,234,458,624,869,1074,1256,1435,1734,2314,2562,2837,2999,2978,3382,1681,956,602,469,252,02/14/2020
000120,20200214,S,388,254,160,142,199,581,1838,3348,3074,2869,2946,2960,2892,2981,2964,2818,3016,2947,2648,1983,1831,1291,776,524,02/14/2020
000120,20200215,P,174,144,109,125,146,173,340,514,845,1325,1856,2038,2355,2727,3247,3682,3393,3091,2205,1356,1101,802,467,333,02/15/2020
000120,20200215,S,506,322,154,145,263,1732,3329,2872,1859,1859,2583,2832,2686,2490,2586,2418,2028,1648,1328,1097,879,644,412,307,02/15/2020
000120,20200216,P,149,112,97,78,95,140,261,494,780,1899,2392,2761,3266,3394,3578,3346,3127,2910,2516,1608,1193,940,481,196,02/16/2020
000120,20200216,S,230,117,88,87,130,787,3255,2237,1935,1935,2118,2208,1993,1791,1814,1491,1304,980,769,619,477,323,235,182,02/16/2020
000120,20200217,P,119,78,113,127,211,340,793,1176,1423,1958,2646,3386,3222,3620,3095,3403,3997,3324,2415,1382,1609,1313,655,286,02/17/2020
000120,20200217,S,126,104,104,99,189,646,2159,2645,2214,1838,1725,1672,1488,1489,1519,1297,1080,903,682,470,246,300,251,205,02/17/2020
000120,20200218,P,117,140,114,129,193,294,661,1033,1148,1504,1506,1975,1679,1806,2464,2866,2609,2148,1236,764,516,364,229,149,02/18/2020
000120,20200218,S,111,111,85,98,162,452,851,1946,2290,2045,1592,1257,1159,1035,1175,1194,1128,986,812,578,473,389,265,194,02/18/2020
000120,20200219,P,100,64,76,72,127,246,522,750,961,987,1300,1364,1166,1586,2173,2173,2030,1443,895,570,404,316,287,180,02/19/2020
000120,20200219,S,176,119,82,121,207,435,1653,4452,1903,2787,2604,2348,1296,1279,1365,1319,984,1092,677,707,577,464,391,314,02/19/2020
000120,20200220,P,105,122,101,112,110,258,474,671,862,1004,1289,1056,1350,1478,1687,2151,2914,2500,1294,898,597,432,289,174,02/20/2020
000120,20200220,S,272,182,108,103,193,425,839,1830,2395,2538,1990,1739,1700,1730,1845,1980,2007,1770,1662,1397,1086,746,578,367,02/20/2020
000120,20200221,P,117,90,88,84,127,270,504,736,869,1145,1423,1564,1762,2322,2868,3056,2965,3008,2227,1089,785,523,389,211,02/21/2020
000120,20200221,S,289,180,111,136,218,459,1590,3050,3019,3155,3141,2630,2166,2484,2707,3068,3183,3277,2377,2870,2226,1289,787,451,02/21/2020
000120,20200222,P,123,95,79,121,125,228,402,665,941,1359,1891,2105,2392,3030,3502,3965,3937,3704,3283,1984,1317,853,497,264,02/22/2020
000120,20200222,S,351,209,154,153,291,1688,3508,3098,2796,2907,2460,2556,2243,2180,2259,2218,2003,1693,1236,1036,802,561,356,293,02/22/2020
000120,20200223,P,156,86,74,102,96,167,382,669,1258,2321,2951,3685,3873,3754,3818,3867,3586,3664,2495,1786,1245,844,413,163,02/23/2020
000120,20200223,S,224,134,71,71,122,663,2965,2658,1303,1410,1587,1627,1556,1419,1446,1342,1102,865,675,569,381,317,199,156,02/23/2020
000120,20200224,P,97,65,74,93,147,315,829,1150,954,1085,1402,1901,2200,2274,2439,2147,1806,1982,1285,817,601,370,211,132,02/24/2020
000120,20200224,S,149,112,66,117,199,431,901,1717,1787,1426,1177,1001,1057,1068,1107,1046,1015,840,687,536,397,330,240,156,02/24/2020
000120,20200225,P,104,86,68,51,121,223,522,713,816,1114,1264,1283,1475,1351,1713,1821,1904,1466,918,583,432,335,227,138,02/25/2020
000120,20200225,S,136,94,88,102,167,385,786,1461,1641,1464,1236,1078,1026,1054,1037,1136,991,965,708,559,461,396,311,166,02/25/2020
000120,20200226,P,113,70,68,88,136,261,547,797,965,1141,1231,1467,1500,1806,2337,2341,2318,1745,1089,741,560,405,275,156,02/26/2020
000120,20200226,S,163,129,90,115,185,407,889,1861,2300,2326,2456,1161,1396,1412,1357,1439,1440,1252,1056,846,671,626,424,289,02/26/2020
000120,20200227,P,85,100,76,94,118,226,507,730,946,1211,1353,1426,1469,1715,2082,2412,2429,1951,1167,926,592,422,296,217,02/27/2020
000120,20200227,S,285,165,108,159,213,469,961,1898,2427,2282,1953,1786,1603,1682,1926,2060,2008,1919,1624,1322,1055,862,556,383,02/27/2020
000120,20200228,P,124,113,74,93,127,261,556,777,906,1208,1500,1558,1838,2178,2785,3087,2885,2823,2086,1183,761,558,362,221,02/28/2020
000120,20200228,S,306,208,124,125,189,526,1443,3222,3347,3117,2500,2120,2218,2455,2756,3094,3083,3365,3118,2424,1955,1210,761,500,02/28/2020
000120,20200229,P,170,106,90,94,116,192,384,618,1082,1474,1999,2255,2423,2746,3353,3793,3792,3535,2706,1666,1221,840,543,318,02/29/2020
000120,20200229,S,362,189,133,152,252,1573,3457,3156,3034,2304,2442,2498,2270,2153,2140,2067,1805,1633,1315,918,751,583,346,279,02/29/2020
000120,20200301,P,148,134,93,139,161,212,429,869,1406,2553,3799,4011,4099,4040,4110,3758,3588,3577,2746,2540,1680,844,338,147,03/01/2020
000120,20200301,S,175,115,99,80,130,561,3240,2594,1723,1665,1889,1930,1823,1723,1734,1567,1266,992,794,493,434,244,261,173,03/01/2020
000120,20200302,P,93,127,108,146,141,241,694,1134,1282,1357,1706,1718,1797,2022,2473,2477,2434,1983,1257,830,580,436,252,190,03/02/2020
000120,20200302,S,118,85,92,98,202,357,786,1633,2072,1840,1596,1374,1187,1273,1246,1220,1209,1011,730,590,464,410,266,204,03/02/2020
000120,20200303,P,111,106,91,100,156,324,628,823,1069,1255,1409,1493,1595,1914,2097,2273,2188,1821,1237,793,619,470,313,214,03/03/2020
000120,20200303,S,181,142,132,145,254,487,884,1654,2292,2137,1567,1432,1251,1248,1259,1295,1279,1051,905,717,608,468,397,292,03/03/2020
000120,20200304,P,150,122,117,137,169,307,605,842,1068,1219,1184,1532,1498,1720,2241,2293,2147,1753,1158,730,549,408,234,165,03/04/2020
000120,20200304,S,213,144,92,149,260,443,907,1822,2143,2209,1688,1400,1218,1335,1474,1437,1381,1225,1083,888,712,565,386,354,03/04/2020
000120,20200305,P,106,96,93,110,147,287,565,716,975,1147,1277,1265,1429,1833,2064,2517,2311,1901,1279,835,669,429,285,212,03/05/2020
000120,20200305,S,251,174,131,143,211,553,1086,1957,2567,2383,1965,1626,1532,1629,1781,1954,1941,1686,1635,1251,1061,766,604,372,03/05/2020
000120,20200306,P,105,92,92,106,148,243,552,736,986,1225,1475,1638,1800,2200,2723,3026,3122,2813,1770,1102,761,582,378,209,03/06/2020
000120,20200306,S,277,189,139,125,194,471,1393,3057,3221,3003,2302,2143,2050,2197,2412,2974,3227,3184,2658,2222,1891,1121,589,441,03/06/2020
000120,20200307,P,121,111,105,105,103,167,424,663,1024,1462,1914,2085,2262,2639,3123,3573,3723,3493,2111,1447,1041,710,404,360,03/07/2020
000120,20200307,S,290,229,132,150,255,1215,3196,3134,2475,2247,2497,2506,2286,2139,2414,2248,1995,1682,1421,984,776,655,430,267,03/07/2020
000120,20200309,P,124,99,82,108,121,300,688,1053,1190,1238,1611,1723,1718,1892,2043,2221,2326,2022,1376,835,606,349,254,174,03/09/2020
000120,20200309,S,131,115,155,3652,2963,1386,815,1353,2414,2285,1671,1561,1513,1298,1357,1330,1260,1139,943,618,489,409,347,220,03/09/2020
000120,20200310,P,124,92,81,94,108,235,527,710,903,1043,1316,1499,1480,1656,1765,2018,2128,1683,1161,671,534,393,246,158,03/10/2020
000120,20200310,S,172,122,99,104,191,412,724,1439,1754,1757,1571,1366,1234,1149,1149,1206,1231,994,800,705,503,379,293,220,03/10/2020
000120,20200311,P,119,89,95,106,116,278,560,731,1017,1243,1437,1482,1460,1765,2079,2306,2226,1891,1200,877,542,401,254,176,03/11/2020
000120,20200311,S,175,113,91,138,212,454,786,1599,2088,1997,1642,1423,1376,1302,1327,1406,1367,1165,996,752,608,483,415,364,03/11/2020
000120,20200312,P,122,75,81,109,137,273,515,717,973,1212,1513,1597,1625,1768,2014,2234,2269,1840,1431,906,701,415,282,220,03/12/2020
000120,20200312,S,231,150,115,129,200,471,807,1562,2037,2101,1769,1629,1585,1539,1625,1648,1743,1602,1415,1122,853,680,422,360,03/12/2020
000120,20200313,P,130,120,103,113,124,281,578,741,921,1235,1606,1800,1869,1877,2152,2427,2140,1559,1517,1473,629,459,285,176,03/13/2020
000120,20200313,S,270,166,132,109,240,428,986,2037,2078,1954,1955,1950,1862,1942,2195,2247,2552,2266,1764,1506,1157,809,440,330,03/13/2020
000120,20200314,P,136,102,89,94,84,217,343,583,861,1297,1730,1999,2197,2394,2634,2970,2957,2414,1612,1230,979,656,435,236,03/14/2020
000120,20200314,S,240,157,575,3405,2743,250,574,368,302,926,2809,2516,2456,2221,2302,2215,1789,1334,973,800,551,432,313,3196,03/14/2020
000120,20200315,P,145,98,97,100,123,225,464,789,1203,2096,3149,3642,3567,3291,2763,2437,2147,1690,1396,1194,886,590,345,200,03/15/2020
000120,20200315,S,2694,78,28,12,30,48,99,128,52,1049,1993,1740,1628,1562,1456,1272,1118,899,704,599,379,295,223,150,03/15/2020
000120,20200316,P,98,96,63,87,148,324,645,893,1118,1337,1829,1931,1942,1766,1608,1434,1352,1192,984,778,515,350,213,172,03/16/2020
000120,20200316,S,116,94,94,1753,714,338,256,238,375,2092,1144,1184,1103,1030,1050,999,1000,911,705,511,411,262,197,138,03/16/2020
000120,20200317,P,138,91,81,82,106,257,454,608,809,982,1197,1206,1323,1267,1242,1178,1188,1039,825,703,467,342,243,187,03/17/2020
000120,20200317,S,113,758,189,1313,182,77,185,885,2276,1286,880,941,915,884,904,905,873,790,555,442,310,202,166,130,03/17/2020
000120,20200318,P,123,77,72,80,137,239,459,559,689,901,1032,1223,1303,1378,1354,1362,1304,1144,934,664,495,315,218,183,03/18/2020
000120,20200318,S,115,91,82,99,194,358,484,634,786,858,926,917,1039,1002,980,924,982,887,670,516,354,238,189,144,03/18/2020
000120,20200319,P,123,105,82,87,79,183,266,304,328,361,443,486,444,366,344,452,497,536,264,234,199,152,111,104,03/19/2020
000120,20200319,S,94,89,92,96,146,265,252,2473,280,239,56,47,54,88,21,768,61,239,76,63,146,97,74,116,03/19/2020
000120,20200320,P,85,46,64,71,93,121,168,254,305,487,743,694,883,991,924,866,681,616,534,390,317,198,148,136,03/20/2020
000120,20200320,S,27,16,23,21,1965,697,332,422,477,595,658,664,1037,2832,1445,2308,740,2383,178,915,663,188,121,99,03/20/2020
000120,20200321,P,106,78,55,51,70,108,160,254,433,604,819,1052,1129,1341,1448,1388,1224,858,699,484,328,250,169,113,03/21/2020
000120,20200321,S,74,75,51,92,126,225,426,606,897,1082,1285,1354,1270,1212,943,854,668,469,437,306,227,168,119,76,03/21/2020
000120,20200322,P,96,38,35,50,52,64,78,129,241,326,603,905,1180,1191,1378,1221,1159,917,731,605,422,281,145,100,03/22/2020
000120,20200322,S,65,51,33,44,63,149,294,481,578,735,969,969,957,981,824,661,599,465,382,270,218,161,115,103,03/22/2020
000120,20200323,P,81,62,64,55,80,175,276,361,450,553,601,749,819,894,837,870,765,655,578,260,261,178,131,114,03/23/2020
000120,20200323,S,78,51,62,84,163,286,502,571,627,704,693,710,653,761,613,773,803,884,1922,306,226,136,104,90,03/23/2020
000120,20200324,P,58,54,49,61,64,151,241,361,485,491,758,701,736,1103,938,956,948,788,618,468,280,223,151,132,03/24/2020
000120,20200324,S,69,61,60,94,155,301,482,583,680,798,790,785,806,752,745,726,765,565,432,289,213,145,126,92,03/24/2020
000120,20200325,P,92,71,53,68,82,192,270,374,406,502,705,723,805,833,918,917,909,799,652,459,343,274,191,143,03/25/2020
000120,20200325,S,81,73,69,99,178,309,526,557,662,632,740,778,766,712,669,713,673,615,482,370,272,196,155,117,03/25/2020
000120,20200326,P,94,67,77,70,93,176,272,355,392,481,529,632,693,723,777,762,803,696,537,399,272,192,137,112,03/26/2020
000120,20200326,S,123,107,77,104,159,360,477,569,572,573,606,575,598,597,561,551,570,508,427,282,191,133,95,92,03/26/2020
000120,20200327,P,83,63,57,76,87,148,211,280,348,419,522,548,583,600,638,611,557,456,327,241,144,127,106,65,03/27/2020
000120,20200327,S,76,54,70,91,113,260,369,404,430,454,524,518,581,569,525,560,543,460,369,201,146,72,55,53,03/27/2020
000120,20200328,P,55,37,53,58,56,66,70,133,238,323,506,595,598,735,795,712,689,604,416,368,237,166,102,83,03/28/2020
000120,20200328,S,60,50,49,45,77,151,208,324,406,482,2122,1370,707,709,631,550,476,348,282,226,147,114,77,53,03/28/2020
000120,20200329,P,53,42,37,39,35,77,80,136,229,290,448,633,684,883,888,827,800,672,525,423,279,174,170,67,03/29/2020
000120,20200329,S,41,32,36,39,67,142,235,291,403,448,539,570,599,568,516,488,395,335,316,201,142,92,65,79,03/29/2020
000120,20200330,P,38,51,36,45,68,128,260,337,339,404,483,540,540,598,612,527,603,574,464,250,166,178,116,94,03/30/2020
000120,20200330,S,68,46,41,76,131,279,430,466,444,472,478,503,536,577,507,484,468,412,328,232,154,98,89,86,03/30/2020
000120,20200331,P,65,38,31,51,71,148,239,337,348,505,538,622,706,698,721,727,759,677,505,350,262,180,120,97,03/31/2020
000120,20200331,S,60,51,58,84,132,316,465,539,549,560,538,603,615,621,602,595,532,494,354,257,210,110,86,72,03/31/2020
000120,20200401,P,74,52,55,52,79,142,258,329,399,491,559,667,720,701,740,723,782,703,551,358,268,171,167,99,04/01/2020
000120,20200401,S,62,69,58,90,148,287,471,538,606,570,618,610,596,594,618,608,604,498,385,278,214,149,123,123,04/01/2020
000120,20200402,P,76,53,45,62,83,173,252,302,403,432,476,527,546,591,553,601,567,459,320,213,186,106,22,170,04/02/2020
000120,20200402,S,88,70,79,90,134,308,399,473,479,495,444,452,497,490,446,478,464,397,268,176,119,71,73,57,04/02/2020
000120,20200403,P,51,55,44,39,75,114,189,250,265,408,467,533,638,654,646,678,687,613,523,345,274,170,119,90,04/03/2020
000120,20200403,S,58,58,60,65,122,181,310,385,436,450,526,529,742,2903,3079,1222,669,625,474,310,207,138,129,79,04/03/2020
000120,20200404,P,66,47,40,38,64,92,129,182,259,387,490,644,660,746,828,871,725,655,530,405,294,182,95,72,04/04/2020
000120,20200404,S,67,44,53,70,74,186,279,428,495,583,725,799,754,797,726,613,544,436,318,227,178,105,75,65,04/04/2020
000120,20200405,P,56,46,39,46,38,61,79,121,171,314,484,665,780,865,936,927,845,732,590,472,311,195,130,77,04/05/2020
000120,20200405,S,38,31,27,31,66,136,208,277,406,501,577,661,671,729,635,578,443,417,310,215,169,124,90,70,04/05/2020
000120,20200406,P,51,56,39,45,70,146,249,337,438,455,529,613,614,662,656,702,723,720,520,348,224,148,123,85,04/06/2020
000120,20200406,S,34,38,39,66,146,325,515,563,551,567,635,593,599,601,570,524,531,491,363,249,148,113,100,89,04/06/2020
000120,20200407,P,56,32,42,39,78,137,255,319,376,466,508,612,754,723,701,725,701,688,549,362,233,185,140,128,04/07/2020
000120,20200407,S,65,56,50,73,134,314,496,540,584,542,585,568,591,551,569,581,574,499,390,305,196,124,104,79,04/07/2020
000120,20200408,P,94,57,45,64,88,156,257,360,378,527,543,585,728,715,664,726,770,761,575,374,253,170,144,97,04/08/2020
000120,20200408,S,67,50,55,70,130,371,506,599,562,608,621,617,578,641,581,593,569,549,391,302,208,134,106,83,04/08/2020
000120,20200409,P,76,57,54,71,84,127,266,329,429,505,485,573,653,676,744,683,811,734,553,354,220,155,151,94,04/09/2020
000120,20200409,S,80,59,69,110,126,334,470,549,538,553,542,603,549,588,573,567,654,593,434,280,211,124,102,71,04/09/2020
000120,20200410,P,71,49,47,36,72,158,222,311,422,481,578,708,749,772,916,870,827,721,564,386,262,171,122,90,04/10/2020
000120,20200410,S,71,49,61,79,125,286,426,551,576,643,601,725,728,817,795,723,765,675,537,370,261,175,97,65,04/10/2020
000120,20200411,P,54,44,40,61,62,93,126,179,323,461,579,758,716,898,945,943,833,738,567,482,288,214,116,91,04/11/2020
000120,20200411,S,69,45,42,57,79,175,315,386,497,616,698,783,863,811,795,672,649,545,395,321,218,158,108,60,04/11/2020
000120,20200412,P,60,43,38,40,30,50,68,86,129,236,274,368,340,419,417,424,346,393,274,296,233,166,112,82,04/12/2020
000120,20200412,S,44,31,39,26,39,62,98,113,172,199,272,308,287,297,322,292,263,241,158,174,109,71,56,60,04/12/2020
000120,20200413,P,49,33,73,40,90,165,209,288,258,297,374,478,467,466,418,493,406,355,298,185,150,133,80,83,04/13/2020
000120,20200413,S,42,41,28,56,82,226,285,321,414,381,410,390,423,410,400,394,328,302,216,167,109,92,53,66,04/13/2020
000120,20200414,P,66,46,39,61,64,139,188,299,351,448,528,666,703,738,754,699,783,590,531,330,256,178,137,97,04/14/2020
000120,20200414,S,65,57,56,55,117,298,424,511,535,553,609,559,585,549,542,498,571,489,379,266,141,133,84,63,04/14/2020
000120,20200415,P,63,61,34,48,63,138,258,358,417,504,650,705,706,805,754,783,804,790,554,384,222,163,123,98,04/15/2020
000120,20200415,S,63,70,54,82,124,301,460,556,525,550,631,584,634,623,683,637,618,528,430,273,191,156,87,66,04/15/2020
000120,20200416,P,64,58,36,51,79,124,209,177,241,283,306,264,265,284,372,415,358,325,235,284,196,146,60,63,04/16/2020
000120,20200416,S,65,52,40,63,87,189,216,220,237,310,309,313,284,289,369,316,299,292,231,130,101,70,66,60,04/16/2020
000120,20200417,P,103,60,45,68,49,107,202,268,323,436,589,670,737,827,777,859,868,813,640,447,281,196,141,118,04/17/2020
000120,20200417,S,54,58,55,68,122,223,414,535,589,612,669,661,773,798,819,851,860,776,644,404,255,149,115,67,04/17/2020
000120,20200418,P,76,54,40,46,57,79,123,167,333,466,605,762,827,856,876,870,701,587,498,345,239,160,110,88,04/18/2020
000120,20200418,S,79,52,54,73,81,203,379,482,526,645,756,834,823,736,741,705,533,438,347,244,169,95,82,73,04/18/2020
000120,20200419,P,52,40,28,21,47,56,76,125,247,351,523,710,849,989,1027,1012,925,839,676,526,358,210,175,79,04/19/2020
000120,20200419,S,41,33,23,29,59,107,191,315,428,488,616,756,802,771,682,712,625,501,354,275,179,131,94,61,04/19/2020
000120,20200420,P,45,47,38,50,70,145,259,419,498,641,684,816,746,894,859,886,886,811,593,471,267,168,119,105,04/20/2020
000120,20200420,S,60,45,34,69,174,379,543,645,720,597,658,649,671,663,626,611,632,557,421,306,222,128,97,76,04/20/2020
000120,20200421,P,60,51,38,53,76,140,235,386,436,536,652,683,771,758,774,785,822,755,548,402,236,196,139,107,04/21/2020
000120,20200421,S,75,65,59,71,142,353,528,579,606,597,571,547,620,591,642,635,593,522,420,305,190,122,106,84,04/21/2020
000120,20200422,P,95,57,68,66,72,156,242,392,480,609,739,757,875,817,871,964,902,873,653,422,278,211,168,126,04/22/2020
000120,20200422,S,74,53,47,87,147,385,616,670,645,665,705,678,659,647,690,640,655,594,541,339,212,159,116,80,04/22/2020
000120,20200423,P,96,51,53,56,70,147,249,372,461,574,660,740,800,827,804,840,875,734,556,342,248,173,111,76,04/23/2020
000120,20200423,S,83,67,63,90,130,320,514,587,556,546,614,614,616,672,624,659,701,625,549,379,219,152,105,89,04/23/2020
000120,20200424,P,53,27,19,52,97,134,187,284,452,591,684,782,906,927,944,902,942,883,644,434,319,207,150,114,04/24/2020
000120,20200424,S,63,64,52,63,123,276,501,582,610,615,663,758,793,893,953,877,992,910,746,493,291,198,152,80,04/24/2020
000120,20200425,P,86,67,42,40,59,81,139,219,358,537,658,948,956,1087,1082,1096,992,868,757,596,414,274,159,123,04/25/2020
000120,20200425,S,73,52,57,68,109,208,421,535,663,795,907,1011,1091,1020,928,924,757,691,474,361,259,183,120,80,04/25/2020
000120,20200426,P,60,53,51,51,54,84,108,185,292,464,697,898,1055,1226,1362,1401,1298,1037,733,610,401,272,143,98,04/26/2020
000120,20200426,S,52,53,45,55,89,189,295,402,500,629,759,922,981,982,894,781,663,554,435,321,209,155,104,94,04/26/2020
000120,20200427,P,73,54,44,53,80,150,300,450,507,626,795,797,792,831,810,1006,980,889,668,464,305,221,147,121,04/27/2020
000120,20200427,S,52,49,34,82,192,394,628,661,790,726,777,704,755,782,737,774,734,677,468,378,270,168,116,102,04/27/2020
000120,20200428,P,77,62,53,39,76,161,278,385,515,615,692,792,831,893,869,870,964,868,691,499,302,230,166,141,04/28/2020
000120,20200428,S,84,71,66,92,149,364,602,729,734,694,733,715,694,783,788,732,699,670,489,337,192,171,116,86,04/28/2020
000120,20200429,P,79,63,54,75,95,160,299,402,464,664,643,729,829,916,905,967,1042,1034,701,571,373,254,187,127,04/29/2020
000120,20200429,S,68,80,57,96,172,383,613,771,772,757,772,760,843,781,795,761,770,702,580,427,275,179,126,98,04/29/2020
000120,20200430,P,85,54,61,79,86,163,315,398,531,635,708,833,963,925,957,1055,1065,977,786,565,384,269,197,136,04/30/2020
000120,20200430,S,84,75,87,97,157,431,617,750,789,788,800,842,863,922,871,895,902,896,697,522,338,199,120,98,04/30/2020
000120,20200501,P,89,65,65,71,90,154,285,397,567,702,805,861,1017,1141,1094,1177,1153,1073,846,654,513,313,198,153,05/01/2020
000120,20200501,S,86,81,63,103,182,402,640,760,857,938,1069,1050,1156,1287,1138,1038,1257,1250,1037,657,462,286,153,95,05/01/2020
000120,20200502,P,115,69,53,81,56,136,167,253,486,761,797,950,1046,1126,1164,1099,1114,1036,818,608,435,280,204,142,05/02/2020
000120,20200502,S,82,79,57,88,131,264,510,606,803,1039,1087,1246,1214,1112,1017,956,825,690,543,413,286,184,126,89,05/02/2020
000120,20200503,P,79,71,57,64,52,83,133,215,403,616,856,1204,1350,1535,1775,1805,1646,1487,1215,924,728,408,266,116,05/03/2020
000120,20200503,S,65,46,35,68,86,170,333,435,620,800,1061,1211,1215,1176,1046,921,739,639,531,420,306,215,144,89,05/03/2020
000120,20200504,P,96,53,54,62,73,185,321,448,667,690,798,915,951,968,964,928,939,891,716,500,344,243,161,131,05/04/2020
000120,20200504,S,58,43,44,84,178,429,694,782,742,788,759,833,809,877,814,756,777,701,502,358,257,201,140,94,05/04/2020
000120,20200505,P,74,64,55,52,74,171,305,456,603,716,787,884,916,1043,1003,1047,1129,923,810,544,386,260,171,119,05/05/2020
000120,20200505,S,85,73,62,102,160,394,637,777,782,790,846,828,800,797,814,785,766,697,526,397,279,174,144,108,05/05/2020
000120,20200506,P,113,75,63,76,83,171,347,471,604,661,806,878,964,979,1080,1140,1228,1006,792,590,408,314,166,114,05/06/2020
000120,20200506,S,84,56,63,94,167,405,730,783,866,877,802,856,838,862,902,888,838,800,604,384,279,184,135,103,05/06/2020
000120,20200507,P,108,94,72,67,92,191,322,455,597,708,883,893,1056,1097,1111,1202,1152,1183,839,568,430,285,202,135,05/07/2020
000120,20200507,S,98,69,87,122,191,388,686,817,812,831,896,997,934,958,998,939,1008,981,737,492,345,251,164,108,05/07/2020
000120,20200508,P,102,77,48,80,96,192,292,476,668,795,901,986,1150,1211,1390,1412,1377,1217,990,735,495,328,201,145,05/08/2020
000120,20200508,S,98,88,63,119,190,359,699,801,897,916,1072,1220,1213,1325,1380,1373,1462,1394,1125,763,463,325,164,104,05/08/2020
000120,20200509,P,121,66,50,74,76,123,200,303,573,779,900,1207,1211,1327,1418,1551,1438,1317,1055,836,639,375,263,135,05/09/2020
000120,20200509,S,90,76,78,87,177,363,542,780,1000,1230,1407,1489,1406,1292,1139,1167,925,813,633,479,338,246,157,101,05/09/2020
000120,20200510,P,97,68,60,61,63,86,145,200,435,799,1049,1293,1455,1644,1808,1776,1763,1588,1207,978,747,440,301,168,05/10/2020
000120,20200510,S,67,44,47,59,77,203,288,445,643,811,1066,1212,1267,1278,1138,1053,875,807,654,566,411,267,179,103,05/10/2020
000120,20200511,P,89,61,49,50,86,184,367,556,634,771,926,1023,1071,1160,1123,1181,996,884,680,427,343,186,183,115,05/11/2020
000120,20200511,S,66,62,50,100,174,482,770,802,838,828,855,847,879,853,830,839,854,723,531,416,266,172,121,100,05/11/2020
000120,20200512,P,76,48,48,66,83,180,323,531,658,738,841,911,947,989,1010,1153,1210,986,825,586,432,296,215,134,05/12/2020
000120,20200512,S,104,70,56,94,187,433,716,873,842,870,885,1019,928,1010,878,878,830,777,604,393,280,232,126,110,05/12/2020
000120,20200513,P,113,73,52,60,92,168,352,534,692,784,922,965,1051,1099,1203,1322,1284,1163,913,653,451,286,208,139,05/13/2020
000120,20200513,S,81,71,69,98,186,399,745,925,872,1007,914,1010,980,952,959,976,908,895,722,491,336,234,135,128,05/13/2020
000120,20200514,P,85,60,56,70,106,172,386,505,652,827,969,990,1042,1130,1243,1223,1253,1032,896,625,429,292,209,156,05/14/2020
000120,20200514,S,91,75,94,115,201,459,743,873,970,970,1049,975,1062,1024,1051,1054,1135,1044,888,595,371,272,156,135,05/14/2020
000120,20200515,P,96,72,52,85,105,186,323,477,678,797,991,1099,1231,1276,1362,1223,1264,1162,893,422,598,493,257,180,05/15/2020
000120,20200515,S,89,81,78,112,197,390,735,873,921,1081,1217,1307,1175,1474,1536,1654,1101,862,647,396,287,325,72,45,05/15/2020
000120,20200516,P,94,74,72,75,81,137,212,362,583,867,1009,1186,1322,1455,1511,1620,1597,1476,1242,952,671,409,254,164,05/16/2020
000120,20200516,S,24,21,21,45,50,204,266,376,570,668,1430,1690,1662,1560,1542,1319,1085,927,732,522,423,276,217,107,05/16/2020
000120,20200517,P,105,64,42,59,86,89,155,298,446,820,1186,1573,1887,2178,2454,2426,2535,2254,1744,1325,929,577,280,194,05/17/2020
000120,20200517,S,81,57,37,63,83,97,155,607,960,1264,1505,1718,1661,1485,1327,1166,932,807,667,475,366,265,169,114,05/17/2020
000120,20200518,P,97,85,47,71,105,212,407,562,765,841,954,1131,1175,1218,1258,1280,1358,1315,1028,748,540,344,195,144,05/18/2020
000120,20200518,S,93,71,67,93,228,525,893,978,1005,1086,1184,1148,1115,1107,1005,985,920,905,689,474,333,225,175,138,05/18/2020
000120,20200519,P,97,73,59,68,96,187,336,485,654,815,1017,976,1069,1130,1195,1255,1186,1230,948,730,516,320,212,161,05/19/2020
000120,20200519,S,96,81,76,102,206,462,794,956,1012,1064,1051,1133,1077,1052,1014,1043,996,809,672,539,361,213,169,114,05/19/2020
000120,20200520,P,133,72,69,66,106,193,425,652,902,1001,1014,1008,1183,1255,1279,1196,1367,1237,1005,757,552,336,239,138,05/20/2020
000120,20200520,S,96,76,77,101,201,486,771,962,1062,1024,1103,1169,1075,1136,1044,1025,1100,1045,841,545,402,310,215,137,05/20/2020
000120,20200521,P,100,89,72,73,91,194,370,552,783,921,976,1087,1145,1184,1250,1324,1341,1476,1138,774,533,408,247,171,05/21/2020
000120,20200521,S,105,86,93,122,253,538,875,1055,1149,1245,1345,1326,1131,1125,1318,1460,1668,1596,1353,961,660,408,242,175,05/21/2020
000120,20200522,P,115,81,70,98,114,206,343,532,705,853,1014,1170,1300,1372,1507,1609,1625,1436,1188,888,648,382,514,212,05/22/2020
000120,20200522,S,112,84,109,140,268,561,1046,1207,1671,1936,2125,2337,2335,2657,2805,2868,2911,2511,2022,1443,961,606,336,207,05/22/2020
000120,20200523,P,128,87,49,70,81,118,208,379,664,920,1136,1412,1698,1784,2024,2181,2125,1888,1586,1316,883,594,396,213,05/23/2020
000120,20200523,S,132,111,95,121,259,593,1005,1580,1948,2282,3020,2839,2555,2409,1899,1580,1308,1085,879,643,461,329,230,152,05/23/2020
000120,20200524,P,146,89,71,54,77,115,184,362,792,1328,1902,2324,2266,2458,1757,2302,1543,1395,1018,516,782,701,294,183,05/24/2020
000120,20200524,S,95,50,50,68,103,229,415,546,754,919,1241,1302,1318,1250,1050,879,812,634,465,396,283,209,141,92,05/24/2020
000120,20200525,P,128,102,64,71,78,111,153,324,552,992,1634,2217,2669,2421,3125,2754,2555,2094,1937,1653,1383,1031,552,262,05/25/2020
000120,20200525,S,55,67,62,73,140,238,503,647,872,1121,1437,1570,1621,1528,1330,1017,982,805,677,471,413,289,180,112,05/25/2020
000120,20200526,P,131,95,58,84,88,224,444,706,850,953,1188,1248,1325,1411,1523,1425,1546,1415,1144,884,589,380,259,167,05/26/2020
000120,20200526,S,82,48,65,98,227,574,850,990,1090,1232,1284,1226,1238,1117,1104,1082,1023,950,674,511,360,280,164,114,05/26/2020
000120,20200527,P,109,76,55,63,111,192,410,584,733,910,1032,1098,1378,1369,1321,1323,1415,1559,1035,741,528,353,276,154,05/27/2020
000120,20200527,S,103,63,76,116,212,489,860,1100,1224,1218,1159,1267,1142,1029,1096,1061,1020,984,722,532,408,274,178,146,05/27/2020
000120,20200528,P,99,89,70,75,133,247,416,669,781,809,1057,1228,1280,1095,1056,1045,1302,1301,1498,868,579,466,269,178,05/28/2020
000120,20200528,S,101,90,91,124,232,540,888,1067,1265,1273,1403,1345,1330,1292,1307,1319,1336,1277,969,770,541,350,226,135,05/28/2020
000120,20200529,P,132,84,67,57,98,222,413,684,807,978,1096,1233,1421,1557,1654,1718,1744,1537,1288,1045,711,535,339,200,05/29/2020
000120,20200529,S,115,82,79,142,249,525,860,1253,1420,1602,1832,2052,1846,2068,1907,2122,2281,2146,1747,1169,788,449,264,163,05/29/2020
000120,20200530,P,136,86,64,73,80,146,231,411,696,981,1290,1572,1671,2022,2063,2171,2069,1728,1360,985,734,499,295,183,05/30/2020
000120,20200530,S,107,97,91,131,254,476,879,1421,1752,2000,2205,2171,2028,1805,1544,1482,1256,1015,798,621,492,333,187,121,05/30/2020
000120,20200531,P,124,90,55,70,75,83,179,333,581,1082,1549,2124,1816,2928,2970,3093,2973,2218,1969,1643,1267,886,456,194,05/31/2020
000120,20200531,S,84,46,66,86,158,385,625,1091,1421,1688,2013,2047,1879,1723,1452,1239,1023,866,716,659,485,313,216,136,05/31/2020
000120,20200601,P,107,90,68,67,104,232,496,693,827,1099,1106,1096,963,1308,1463,1520,1551,1665,1455,985,656,447,269,177,06/01/2020
000120,20200601,S,113,70,57,132,231,607,978,1124,1233,1396,1442,1417,1285,1217,1220,1112,1121,968,713,569,444,252,216,141,06/01/2020
000120,20200602,P,125,73,71,79,95,217,417,554,803,908,961,1179,1249,1335,1582,1522,1511,1323,1113,911,663,475,294,183,06/02/2020
000120,20200602,S,115,77,95,131,232,523,834,1158,1259,1301,1334,1330,1231,1197,1156,1119,1094,1019,796,521,409,277,205,142,06/02/2020
000120,20200603,P,125,98,81,81,107,224,421,578,783,938,981,1128,1301,1326,1544,1523,1610,1345,1141,899,694,448,316,187,06/03/2020
000120,20200603,S,92,71,80,126,216,554,901,1167,1119,1410,1457,1463,1393,1360,1292,1144,1233,1132,897,653,446,343,226,158,06/03/2020
000120,20200604,P,120,90,66,100,119,253,421,573,769,925,1066,1215,1361,1383,1538,2130,1544,1469,1133,904,713,506,262,227,06/04/2020
000120,20200604,S,102,93,77,136,244,559,1001,1276,1360,1477,1661,1632,1544,1528,1471,1514,1608,1523,1292,885,587,382,255,198,06/04/2020
000120,20200605,P,144,87,62,75,106,242,400,572,775,1018,1130,1293,923,1594,1841,1903,1940,1719,1443,1102,819,604,364,211,06/05/2020
000120,20200605,S,133,85,93,142,261,565,998,1392,1623,1902,2252,2504,2339,2775,2717,2749,2495,3075,2154,1412,877,582,392,211,06/05/2020
000120,20200606,P,119,97,75,76,107,153,284,507,931,1394,1666,1985,2029,2093,1897,1968,1839,1472,1127,955,752,573,385,194,06/06/2020
000120,20200606,S,129,104,83,138,231,485,855,1388,1646,1943,2061,2158,1996,2052,1901,1709,1512,1192,926,787,594,383,277,159,06/06/2020
000120,20200607,P,138,100,63,73,70,119,241,396,720,1271,2079,2781,2591,3138,4198,4001,3885,3871,3195,2160,1484,848,770,317,06/07/2020
000120,20200607,S,98,72,70,126,268,511,872,1365,1813,2226,2578,2718,2269,2119,1870,1464,1302,1093,885,707,530,402,245,173,06/07/2020
000120,20200608,P,168,105,79,76,124,278,543,850,1012,1204,1394,1393,1449,1973,2203,2011,1930,1675,1365,989,671,397,244,121,06/08/2020
000120,20200608,S,121,72,83,130,287,686,952,1203,1233,1379,1461,1504,1426,1259,1339,1248,1134,1038,810,549,450,274,220,140,06/08/2020
000120,20200609,P,99,53,56,64,79,196,423,556,791,928,1171,1302,1329,1394,1453,1394,1341,1215,964,775,541,393,282,140,06/09/2020
000120,20200609,S,106,78,71,109,207,479,684,823,833,989,1143,1208,1219,1128,1153,1183,1180,1047,859,616,436,289,210,147,06/09/2020
000120,20200610,P,125,89,69,92,126,218,414,597,778,1016,1107,1216,1390,1437,1609,1686,1631,1502,1205,969,691,478,295,165,06/10/2020
000120,20200610,S,94,83,75,123,207,551,925,1242,1258,1481,1550,1602,1577,1393,1360,1401,1448,1278,1040,822,542,373,255,158,06/10/2020
000120,20200611,P,144,74,91,81,134,231,427,620,802,1060,1181,1233,1351,1362,1862,1885,1776,1702,1310,941,873,556,351,225,06/11/2020
000120,20200611,S,148,115,89,154,267,621,1063,1314,1488,1694,1895,1834,1806,1784,1673,1615,1776,1627,1465,1092,718,514,294,192,06/11/2020
000120,20200612,P,159,90,109,100,118,261,421,607,778,1039,1256,1481,1679,1926,2133,1243,1520,2551,1903,1154,923,635,400,272,06/12/2020
000120,20200612,S,137,88,101,151,280,639,1087,1402,1719,2250,2559,2762,2716,3007,2816,2271,3243,3089,2958,1778,1048,626,414,204,06/12/2020
000120,20200613,P,136,88,86,84,94,175,293,500,866,1212,1718,2087,2243,2359,2863,3036,2385,2047,1841,1340,1123,744,445,279,06/13/2020
000120,20200613,S,151,89,113,165,343,704,1283,1667,2187,2699,3032,2994,2471,2553,2165,1807,1572,1215,973,804,675,431,250,172,06/13/2020
000120,20200614,P,151,101,80,70,87,148,242,505,907,1616,2826,3312,3381,3784,4100,4082,4080,3927,2966,3251,1986,1364,647,290,06/14/2020
000120,20200614,S,121,74,67,115,276,532,837,1260,1763,2300,2607,2724,2508,2351,1944,1694,1307,1088,912,732,553,387,250,192,06/14/2020
000120,20200615,P,176,101,85,82,133,309,604,887,1110,1252,1272,1490,2350,2160,1982,1973,1863,1781,1387,1118,804,594,385,180,06/15/2020
000120,20200615,S,110,79,76,132,297,673,1157,1247,1423,1600,1746,1731,1707,1507,1399,1379,1240,1160,899,718,441,355,237,162,06/15/2020
000120,20200616,P,115,86,81,78,101,238,431,607,878,1113,1226,1368,1820,1765,1862,1795,1860,1583,1371,1012,772,569,337,233,06/16/2020
000120,20200616,S,117,81,81,127,267,607,1021,1261,1442,1653,1578,1899,1587,1500,1444,1305,1350,1202,891,713,533,361,238,158,06/16/2020
000120,20200617,P,134,116,78,99,132,273,503,665,936,1050,1236,1309,1914,1714,1643,1558,1934,1756,1438,1141,947,853,409,223,06/17/2020
000120,20200617,S,120,83,93,136,269,675,1063,1299,1483,1779,1891,1761,1605,1729,1508,1462,1438,1341,1041,784,600,442,268,211,06/17/2020
000120,20200618,P,161,100,96,100,118,256,497,705,908,1094,1199,1287,2040,2046,2002,1841,1776,1749,1341,917,727,494,319,206,06/18/2020
000120,20200618,S,153,107,111,179,291,639,1077,1347,1427,1668,1828,1919,1809,1777,1893,1799,1896,1827,1476,1071,700,431,295,190,06/18/2020
000120,20200619,P,118,87,80,86,125,250,457,647,895,1188,1279,1988,1774,1762,1980,1938,1800,1545,1336,1064,771,594,402,246,06/19/2020
000120,20200619,S,113,109,111,142,238,527,946,1309,1611,2001,2353,2596,2873,2896,2961,2877,2951,3084,3123,1703,1025,668,386,249,06/19/2020
000120,20200620,P,149,78,93,98,102,203,306,507,970,1254,1714,2065,2278,2689,2948,3074,2996,2802,2366,1971,1450,1005,577,351,06/20/2020
000120,20200620,S,182,111,121,215,468,818,1572,2171,2618,3173,3362,3153,3087,3073,2472,2207,1752,1446,1114,944,709,423,331,221,06/20/2020
000120,20200621,P,164,112,89,69,92,167,281,496,966,1848,2965,3808,4043,4030,4073,4185,4297,4135,3427,2940,2073,1215,593,291,06/21/2020
000120,20200621,S,175,93,83,123,265,497,878,1240,1638,2049,2456,2697,2503,2314,2057,1684,1396,1191,996,774,617,447,236,179,06/21/2020
000120,20200622,P,153,117,72,88,137,304,602,946,1207,1296,1422,2305,2037,2110,2223,2176,2301,1868,1502,1152,828,581,348,245,06/22/2020
000120,20200622,S,118,90,78,139,313,736,1196,1423,1432,1768,1992,1900,1757,1693,1625,1498,1427,1217,971,765,556,377,254,162,06/22/2020
000120,20200623,P,125,104,67,80,118,246,499,649,938,1117,1182,1398,1813,1699,1821,1910,2055,1748,1348,1061,793,586,385,234,06/23/2020
000120,20200623,S,125,103,93,139,263,622,1003,1265,1471,1568,1754,1766,1622,1521,1512,1419,1330,1227,975,795,516,385,258,166,06/23/2020
000120,20200624,P,138,106,121,110,141,291,484,677,906,1089,1215,1293,1929,1830,2021,2031,2019,1861,1587,1069,812,583,399,226,06/24/2020
000120,20200624,S,120,97,81,137,296,708,1056,1379,1574,1775,1946,1824,1730,1727,1548,1561,1543,1305,1099,760,569,395,256,160,06/24/2020
000120,20200625,P,146,113,77,106,148,276,489,715,955,1155,1238,1967,1832,1928,2245,2343,1928,1720,1508,1186,791,564,380,215,06/25/2020
000120,20200625,S,149,128,119,160,315,672,1141,1497,1698,1985,2182,2224,2045,2115,2043,1941,1851,1902,1480,935,746,526,339,204,06/25/2020
000120,20200626,P,147,111,95,119,161,267,474,713,928,1197,1343,2035,1898,2160,2347,2208,2137,1663,1862,1275,841,619,395,290,06/26/2020
000120,20200626,S,136,97,110,163,306,622,1179,1543,1918,2314,2694,2920,2918,2883,3169,3078,2939,2835,2297,1765,1022,616,362,248,06/26/2020
000120,20200627,P,181,124,82,108,112,233,367,570,1030,1388,1861,2266,2483,2715,3042,3136,3088,2839,2356,1878,1505,1041,673,366,06/27/2020
000120,20200627,S,172,116,140,251,511,852,1642,2302,2783,3247,3255,3055,3014,3084,2827,2030,1986,1544,1274,971,708,540,343,210,06/27/2020
000120,20200628,P,189,130,95,99,125,181,337,589,1130,1904,3206,3703,4123,4211,3925,4325,4219,3699,2844,2301,2088,1393,616,291,06/28/2020
000120,20200628,S,155,111,94,126,336,588,931,1354,1791,2375,2711,2805,2643,2581,2204,1855,1546,1285,1061,811,564,397,290,226,06/28/2020
000120,20200629,P,159,103,100,85,148,333,576,970,1140,1293,1554,1900,2680,2146,2468,2281,2166,1895,1683,1285,906,595,367,237,06/29/2020
000120,20200629,S,135,102,94,155,310,763,1200,1479,1626,1895,2060,2089,1838,1757,1642,1541,1385,1239,953,779,569,422,270,215,06/29/2020
000120,20200630,P,164,93,71,77,127,247,480,705,1086,1232,1415,1934,1801,2077,1981,1985,1923,1801,1447,708,845,992,417,260,06/30/2020
000120,20200630,S,132,84,76,147,278,659,1054,1227,1435,1681,1883,1748,1676,1741,1607,1671,1643,1531,1142,826,629,459,292,198,06/30/2020
000120,20200701,P,170,130,96,115,129,269,491,751,915,1232,1309,1302,1907,2199,2120,2168,1946,1710,1603,1344,969,787,445,273,07/01/2020
000120,20200701,S,116,101,125,177,324,734,1230,1457,1750,2076,2389,2343,2264,2320,2217,2163,2108,1977,1547,1263,914,602,413,264,07/01/2020
000120,20200702,P,170,123,115,111,156,307,530,736,908,1254,1462,1722,1918,2206,2348,2228,2230,1865,1690,1240,1071,745,452,332,07/02/2020
000120,20200702,S,165,136,142,192,343,735,1365,1779,2225,2695,3077,3047,3036,3068,2942,2806,3024,2980,2814,2885,2545,1171,678,363,07/02/2020
000120,20200703,P,224,155,84,113,153,235,370,568,892,1240,1632,2014,2294,2473,2597,2905,2339,1799,1941,1388,1162,879,571,298,07/03/2020
000120,20200703,S,247,160,194,282,656,1191,2406,3130,3235,2997,2989,3140,2982,2726,2591,2058,2392,2603,2433,1248,1022,749,421,282,07/03/2020
000120,20200704,P,182,135,95,77,91,176,264,465,776,1147,1706,2255,2531,3020,3105,2675,2474,2166,1642,1432,1105,891,602,441,07/04/2020
000120,20200704,S,196,102,110,145,298,627,1189,1781,2173,2364,2519,2603,2238,2109,1705,1375,1069,909,695,500,381,266,240,194,07/04/2020
000120,20200705,P,211,106,83,85,121,201,475,972,1913,3223,3921,4024,4028,4153,3953,3831,4109,3913,3815,3280,2642,1935,1153,464,07/05/2020
000120,20200705,S,146,71,68,109,204,430,638,988,1402,1904,2184,2472,2532,2314,2061,1702,1311,1164,951,773,540,409,266,177,07/05/2020
000120,20200706,P,257,119,92,120,159,370,856,1340,1654,2103,2498,2885,3060,3079,2967,2903,2768,2369,1963,1500,1125,841,488,258,07/06/2020
000120,20200706,S,125,95,96,152,321,676,1067,1412,1601,1950,2204,2273,2088,1889,1814,1668,1532,1316,966,746,496,392,282,177,07/06/2020
000120,20200707,P,186,102,87,92,109,277,538,814,1038,1341,1584,1806,1936,2086,2277,2194,2244,2016,1556,1194,932,685,439,286,07/07/2020
000120,20200707,S,143,107,87,144,305,624,1087,1398,1636,1873,2019,2019,1806,1487,1965,1625,1407,1306,993,728,578,390,277,194,07/07/2020
000120,20200708,P,170,98,84,81,181,271,534,763,1011,1272,1497,1686,1819,2096,2236,2217,1912,1557,1689,1451,1187,795,481,242,07/08/2020
000120,20200708,S,159,98,99,161,319,649,1145,1454,1656,1938,2217,2101,2040,1939,1743,1782,1631,1457,1075,832,567,484,278,181,07/08/2020
000120,20200709,P,159,111,106,131,144,265,555,786,1019,1179,1538,1721,1790,2161,2178,2342,2204,1979,1663,1278,971,732,453,285,07/09/2020
000120,20200709,S,162,138,109,182,351,752,1194,1556,1854,2038,2392,2473,2257,2305,2225,2061,2125,1899,1691,1286,895,639,403,254,07/09/2020
000120,20200711,P,175,110,109,95,113,226,399,657,1093,1426,1952,2463,2617,2970,2903,2877,3586,3122,2692,2165,1697,1265,769,444,07/11/2020
000120,20200711,S,193,133,159,260,585,1042,1823,2497,2254,1950,1894,1956,1929,2023,1977,1705,1514,1368,1032,891,708,496,327,207,07/11/2020
000120,20200712,P,234,123,82,81,113,208,366,691,1210,2112,3128,3634,3752,4228,4317,4228,4040,3814,3528,2798,2168,1386,626,328,07/12/2020
000120,20200712,S,135,98,83,161,329,548,1043,1571,1848,1724,1705,1738,1914,2060,1834,1603,1271,1086,926,703,546,414,312,102,07/12/2020
000120,20200713,P,187,102,106,102,158,324,658,1000,1271,1237,2106,2237,2134,2268,2369,2478,2204,1867,1732,1176,838,594,388,219,07/13/2020
000120,20200713,S,95,212,110,159,344,713,1171,1240,1603,752,1795,2121,2000,1940,1702,1587,1437,1138,1126,788,568,382,274,176,07/13/2020
000120,20200714,P,115,105,103,91,118,265,554,741,959,1201,1382,1657,1860,1941,2009,2120,2046,1781,1387,1115,787,556,389,184,07/14/2020
000120,20200714,S,139,111,99,142,307,669,1068,1309,1494,1673,1887,1773,1800,1755,1639,1446,910,1130,955,704,561,352,263,172,07/14/2020
000120,20200715,P,181,106,119,103,116,255,492,730,1006,1212,1505,1636,1791,2042,2195,2206,2060,2021,1487,1187,809,643,398,258,07/15/2020
000120,20200715,S,120,79,98,145,314,663,1086,1312,1660,1835,2061,2030,1904,1847,1739,1683,1592,1455,1154,837,632,452,299,176,07/15/2020
000120,20200716,P,174,105,103,94,161,288,530,768,1032,1256,1659,1771,1870,2267,2296,2329,2357,2025,1518,1120,863,677,390,246,07/16/2020
000120,20200716,S,169,114,122,171,314,693,1132,1461,1700,2056,2364,2343,2241,2233,2299,2171,2169,2050,1697,1242,876,539,376,212,07/16/2020
000120,20200718,P,192,115,90,106,134,231,419,745,1145,1650,2064,2464,2813,2882,3124,3902,3430,3167,2654,2064,1597,1125,651,337,07/18/2020
000120,20200718,S,167,125,161,287,552,1062,1880,2630,3050,3304,3103,3055,2986,3052,2976,2626,1907,1564,1235,958,739,513,338,212,07/18/2020
000120,20200719,P,214,251,134,88,103,177,355,374,1313,1729,2295,2719,4062,4167,4150,4061,4050,3999,3659,3407,2598,1525,699,349,07/19/2020
000120,20200719,S,126,93,112,161,349,549,948,1389,2029,2503,2750,2928,2465,2902,2250,1951,1667,1331,1105,869,657,448,311,261,07/19/2020
000120,20200720,P,187,156,88,115,150,322,656,1092,1288,1438,2159,2342,2272,2441,2510,2426,2400,2095,1647,1355,951,725,510,316,07/20/2020
000120,20200720,S,151,109,102,157,346,742,1190,1380,1688,2023,2219,2291,2104,2030,1477,2147,1475,1385,1028,830,646,417,277,240,07/20/2020
000120,20200721,P,225,126,91,97,123,270,451,802,1028,1306,1486,1711,1919,2009,2150,2218,2061,1802,1556,1180,855,670,424,310,07/21/2020
000120,20200721,S,134,106,114,147,317,664,1082,1438,1609,1843,2078,1940,1843,1808,1684,1587,1430,1309,1016,773,596,482,292,162,07/21/2020
000120,20200722,P,187,118,89,86,148,287,478,800,1031,1280,1542,1840,1895,2130,2335,2368,2206,1967,1502,1109,872,626,428,260,07/22/2020
000120,20200722,S,126,118,97,176,343,644,1120,1471,1588,1946,2066,2068,1931,1910,1826,1717,1417,1593,1172,857,617,472,277,241,07/22/2020
000120,20200723,P,167,130,111,129,135,289,496,818,1095,1268,1522,1859,2068,2274,2354,2387,2520,2143,1592,1173,998,677,530,299,07/23/2020
000120,20200723,S,169,145,125,167,381,682,1185,1478,1882,2113,2190,2509,2494,2436,2349,2247,1882,1394,2105,1669,1013,638,374,252,07/23/2020
000120,20200724,P,198,116,94,120,134,302,546,785,1106,1404,2042,2205,2432,2632,2467,2573,2552,1991,1741,1284,1041,775,464,299,07/24/2020
000120,20200724,S,139,124,130,180,352,673,1217,1628,2075,2532,3003,3153,3098,2823,2912,2417,2659,2959,2825,1903,1246,732,437,261,07/24/2020
000120,20200725,P,173,134,82,104,129,250,420,745,1246,1625,2261,2357,2707,3242,3121,3405,2323,2113,1710,1485,1107,866,582,337,07/25/2020
000120,20200725,S,182,133,114,217,403,818,1485,2156,2553,2884,2956,1785,478,1291,2088,2699,2492,1479,1150,857,658,508,340,210,07/25/2020
000120,20200726,P,183,130,76,96,107,205,342,756,1262,2099,3232,3780,4086,3969,4024,4041,3689,3504,2494,2338,1878,1383,691,322,07/26/2020
000120,20200726,S,121,93,82,139,314,548,915,1353,1885,2362,2535,2764,2742,2510,2282,1990,1429,1196,1148,839,603,465,289,225,07/26/2020
000120,20200727,P,178,118,103,105,141,336,662,1019,1309,1399,2051,2222,2328,2355,2579,2425,2217,2107,1709,1284,952,693,405,257,07/27/2020
000120,20200727,S,121,116,110,158,320,750,1161,1391,1707,1878,2045,2159,2108,1967,1898,1699,1583,1320,1060,837,596,452,271,190,07/27/2020
000120,20200728,P,142,119,87,102,136,272,503,754,989,1240,1574,1850,1825,1914,2290,1862,1816,1644,1333,1011,754,641,385,235,07/28/2020
000120,20200728,S,166,108,87,135,283,605,904,1183,1422,1543,1715,1780,1711,1712,1693,1563,1533,1331,1048,763,611,455,303,192,07/28/2020
000120,20200729,P,137,99,101,133,134,303,465,784,1072,1266,1571,1775,1879,2025,2403,2353,2317,2094,1634,1339,1036,734,510,279,07/29/2020
000120,20200729,S,117,113,106,177,336,726,1237,1504,1793,2069,2408,2217,1931,1980,2005,1754,1732,1492,1172,958,739,486,301,201,07/29/2020
000120,20200730,P,150,140,85,130,159,285,543,778,1019,1326,1670,1850,2027,2271,2625,2472,2391,2140,1867,1340,933,773,460,286,07/30/2020
000120,20200730,S,156,120,123,166,318,738,1158,1503,1859,2271,2522,2485,2282,2289,2299,2337,2285,2108,1749,1254,888,618,383,259,07/30/2020
000120,20200731,P,183,108,107,121,164,334,550,841,1128,1341,1940,2264,2300,2538,2691,2770,2776,2402,1860,1486,1136,863,515,368,07/31/2020
000120,20200731,S,171,132,121,185,420,798,1302,1789,2203,2941,3183,3186,3090,3037,2837,2787,2697,2871,3032,2584,1361,840,489,286,07/31/2020
000120,20200801,P,199,120,114,118,116,227,505,799,1324,1674,2257,2743,2929,2961,3254,3134,3896,3483,2417,1969,1516,1143,707,364,08/01/2020
000120,20200801,S,217,127,156,308,597,1080,1914,2671,3219,3092,3154,3077,2929,3059,2949,2791,2115,1653,1328,939,747,539,371,242,08/01/2020
000120,20200802,P,266,127,116,80,113,216,438,805,1357,2212,3536,3976,4200,4184,4090,4180,4082,3591,2143,3022,3288,1498,799,358,08/02/2020
000120,20200802,S,158,94,104,145,339,584,1047,1452,2003,2572,2845,3046,2910,2657,2564,2149,1803,1329,1142,872,662,464,286,192,08/02/2020
000120,20200803,P,178,129,90,112,170,328,694,1095,1320,1638,2088,2199,2291,2349,1972,2377,2853,2495,1648,1201,828,748,379,272,08/03/2020
000120,20200803,S,151,99,94,145,339,729,1259,1428,1628,2030,2223,2291,2088,2012,1899,1693,1531,1410,1129,839,613,425,278,212,08/03/2020
000120,20200804,P,153,124,103,120,152,259,517,767,1041,1241,1636,1717,1864,2081,2155,2206,2455,1979,1561,1118,874,712,461,247,08/04/2020
000120,20200804,S,157,102,81,163,345,701,1154,1327,1639,1932,2059,2025,1920,1779,1426,1914,1454,1351,1022,791,610,453,306,227,08/04/2020
000120,20200805,P,181,111,83,146,134,275,510,759,1025,1378,1626,1804,1907,2122,2298,2297,2211,1895,1408,964,952,938,602,336,08/05/2020
000120,20200805,S,123,91,111,172,332,680,1099,1477,1664,1950,2240,2065,1987,1962,1960,1829,1577,1438,1303,835,672,523,340,193,08/05/2020
000120,20200806,P,189,127,104,124,134,278,570,783,1110,1262,1812,1931,2007,2291,2417,2401,2398,2086,1597,1282,1048,708,505,266,08/06/2020
000120,20200806,S,162,107,111,159,377,693,1118,1603,1733,2152,2507,2564,2406,2395,2322,2328,2122,2151,1768,1340,939,643,383,226,08/06/2020
000120,20200807,P,176,112,96,116,150,328,556,807,1114,1321,2013,2142,2233,2100,2084,2713,2451,3014,2010,1576,1161,867,538,311,08/07/2020
000120,20200807,S,173,133,111,171,413,741,1283,1822,2223,2849,3177,2935,2996,2987,2833,2887,2926,2755,2939,2597,1305,857,508,297,08/07/2020
000120,20200808,P,197,116,91,118,145,264,502,829,1343,1702,2291,2671,2650,3126,3169,3407,3215,3010,2635,2205,1663,1291,858,455,08/08/2020
000120,20200808,S,184,161,154,295,591,1009,1847,2600,2182,3145,3125,2930,2829,2877,2884,2943,2099,1635,1285,844,617,721,354,185,08/08/2020
000120,20200809,P,230,159,97,132,151,213,482,793,1419,2399,3451,3881,4287,4182,4310,4180,4149,4106,3409,3509,2664,1740,916,363,08/09/2020
000120,20200809,S,139,117,105,159,321,617,988,1633,2081,2502,2995,2828,3134,2772,2490,2194,1688,1464,1149,873,647,504,278,190,08/09/2020
000120,20200810,P,211,110,101,111,126,336,719,1167,1312,1367,2249,2607,2503,2519,2585,2407,1659,2067,1535,1203,920,700,519,217,08/10/2020
000120,20200810,S,133,103,99,160,349,820,1220,1399,1662,1903,2240,2069,2111,1894,1836,1761,1526,1300,1056,713,555,376,257,155,08/10/2020
000120,20200811,P,111,70,55,79,118,228,477,755,961,1173,1517,1641,1697,1811,2024,1976,2039,1770,1437,1058,808,551,313,249,08/11/2020
000120,20200811,S,111,83,77,119,294,622,970,1316,1461,1669,1881,1825,1697,1654,1533,1431,1422,1285,987,706,605,456,264,179,08/11/2020
000120,20200812,P,168,106,90,89,108,267,477,721,937,1182,1468,1629,1689,1794,1895,1996,1815,1688,1406,1047,806,514,343,189,08/12/2020
000120,20200812,S,139,83,83,120,289,623,967,1186,1480,1449,2020,1826,1662,1710,1579,1481,1424,1323,979,813,625,494,249,159,08/12/2020
000120,20200813,P,110,92,64,67,106,248,475,739,897,1265,1404,1555,1720,1710,2001,2040,1922,1785,1477,1059,726,523,313,178,08/13/2020
000120,20200813,S,90,67,77,110,255,551,902,1262,1467,1752,1874,1976,1876,1925,1941,1850,1857,1707,1592,1118,827,564,324,195,08/13/2020
000120,20200814,P,121,67,65,103,126,237,449,638,950,1202,1563,1786,1861,2026,2032,2177,2168,1922,1575,1126,870,570,363,204,08/14/2020
000120,20200814,S,142,75,64,97,288,634,1026,1343,1629,2183,2487,2600,2466,2605,2891,2797,2878,2411,1950,1463,1112,667,362,191,08/14/2020
000120,20200815,P,122,59,76,55,116,176,347,683,1029,1476,2005,2299,2339,2479,2541,2682,2888,2585,2329,1696,1286,926,514,248,08/15/2020
000120,20200815,S,134,82,99,181,359,651,1180,1639,2070,2531,2532,2458,2319,2149,2066,1795,1549,1340,1038,740,518,397,276,168,08/15/2020
000120,20200816,P,131,58,51,53,98,150,355,667,1164,1978,3196,3655,3864,3753,3812,3473,3090,2741,1885,2033,1495,923,430,200,08/16/2020
000120,20200816,S,105,63,59,71,223,394,515,863,1309,1593,1794,1967,2005,1914,1795,1507,1389,1115,929,666,535,387,249,158,08/16/2020
000120,20200817,P,82,54,50,71,100,259,551,901,1094,1305,1652,1857,1739,1810,1885,1840,1733,1519,1234,847,626,435,249,118,08/17/2020
000120,20200817,S,91,74,63,93,245,618,909,1082,1075,1339,1436,1391,1415,1291,1324,1279,1223,1028,873,619,481,322,231,145,08/17/2020
000120,20200818,P,76,55,46,71,106,210,459,622,907,1177,1239,1343,1337,1431,1602,1584,1591,1521,1141,808,607,425,247,113,08/18/2020
000120,20200818,S,87,59,55,102,202,531,840,1044,1123,1376,1383,1366,1321,1250,1184,1181,1160,1124,851,605,460,312,210,118,08/18/2020
000120,20200819,P,83,41,63,74,102,209,460,660,845,1020,1337,1408,1413,1558,1658,1667,1594,1508,1109,768,627,411,231,128,08/19/2020
000120,20200819,S,77,51,65,99,208,515,861,1113,1196,1341,1399,1403,1350,1383,1354,1396,1199,1118,841,716,558,388,230,170,08/19/2020
000120,20200820,P,75,59,56,77,93,217,445,694,902,1046,1397,1455,1559,1582,1745,1792,1630,1486,1151,833,573,389,290,144,08/20/2020
000120,20200820,S,85,67,67,92,250,583,910,1103,1283,1513,1654,1756,1656,1627,1674,1673,1631,1614,1268,951,746,478,258,174,08/20/2020
000120,20200821,P,87,50,51,82,96,218,437,640,866,1191,1375,1580,1645,1783,1932,2009,1756,1645,1473,1104,856,550,360,156,08/21/2020
000120,20200821,S,106,76,70,126,249,591,911,1290,1560,1839,2085,2228,2197,2348,2502,2578,2602,2413,1784,1476,919,617,341,173,08/21/2020
000120,20200822,P,111,64,57,42,82,143,293,584,904,1358,1733,1940,2099,2290,2442,2536,2393,2258,1832,1479,1174,807,422,245,08/22/2020
000120,20200822,S,113,92,79,170,335,608,1061,1547,2174,2341,2533,2548,2211,2091,1976,1790,1524,1163,909,761,580,410,262,140,08/22/2020
000120,20200823,P,102,53,40,65,57,126,254,554,1039,1646,2853,3091,3946,3390,3285,3077,3014,2599,2062,1569,1150,689,300,162,08/23/2020
000120,20200823,S,103,65,52,69,200,302,460,716,1106,1383,1557,1670,1599,1496,1454,1431,1267,1027,813,667,521,352,207,160,08/23/2020
000120,20200824,P,69,55,44,60,96,224,545,891,1038,1224,1599,1608,1711,1652,1738,1595,1745,1505,1262,833,561,296,274,163,08/24/2020
000120,20200824,S,75,79,65,93,202,579,935,1126,1116,1348,1457,1474,1324,1399,1271,1229,1175,1039,819,628,439,342,228,146,08/24/2020
000120,20200825,P,112,57,54,96,83,210,459,757,837,1043,1300,1355,1434,1412,1582,1615,1704,1450,1177,862,619,416,297,187,08/25/2020
000120,20200825,S,122,94,79,139,229,583,882,1095,1307,1416,1458,1346,1318,1314,1255,1201,1130,1105,841,602,529,327,236,146,08/25/2020
000120,20200826,P,136,90,74,107,107,282,483,728,898,1103,1212,1302,1491,1565,1732,1709,1734,1600,1112,861,646,402,265,181,08/26/2020
000120,20200826,S,119,95,77,120,254,591,920,1258,1182,1419,1454,1439,1400,1339,1391,1329,1314,1167,988,679,583,360,281,182,08/26/2020
000120,20200827,P,131,89,93,108,117,245,466,706,919,995,1251,1444,1496,1616,1777,1797,1842,1738,1335,964,741,519,346,202,08/27/2020
000120,20200827,S,142,94,96,150,240,600,1004,1144,1390,1623,1762,1715,1807,1654,1727,1834,1758,1635,1401,1083,739,520,337,209,08/27/2020
000120,20200828,P,145,86,101,118,126,281,430,680,875,1167,1360,1618,1650,1873,2139,2224,2031,1890,1450,1086,733,492,352,227,08/28/2020
000120,20200828,S,131,100,102,188,277,628,1099,1292,1623,1949,2167,2262,2333,2491,2510,2535,2712,2221,1773,1386,1026,634,342,201,08/28/2020
000120,20200829,P,127,100,92,87,81,171,298,586,937,1532,1966,2328,2502,2721,2401,2090,1997,1716,1579,1368,1016,714,449,238,08/29/2020
000120,20200829,S,140,107,103,177,296,651,1095,1553,1988,2487,2411,2600,2338,2078,2106,1794,1558,1364,1124,845,666,430,279,188,08/29/2020
000120,20200830,P,163,105,86,76,106,165,331,668,1046,1791,2860,3350,2881,3390,3966,4117,3817,3191,2382,2060,1635,923,444,216,08/30/2020
000120,20200830,S,115,113,84,178,276,542,767,1269,1781,2105,2363,2351,2252,2010,1811,1574,1349,1196,1017,798,567,393,250,180,08/30/2020
000120,20200831,P,153,105,82,84,129,255,628,965,1139,1289,1706,1717,1726,1825,1957,1972,1789,1795,1284,911,583,376,248,140,08/31/2020
000120,20200831,S,119,89,110,143,287,730,1090,1226,1423,1616,1548,1582,1414,1358,1374,1311,1212,1053,847,632,469,345,246,168,08/31/2020
000120,20200901,P,133,102,83,77,131,238,450,676,928,1031,1266,1372,1328,1495,1576,1614,1711,1533,1323,918,665,486,244,198,09/01/2020
000120,20200901,S,128,92,93,143,303,682,1045,1165,1405,1450,1565,1512,1412,1436,1543,1331,1114,1277,895,659,562,374,244,171,09/01/2020
000120,20200902,P,141,101,88,85,132,275,430,667,862,1122,1228,1366,1378,1579,1721,1934,1894,1694,1380,1062,786,549,286,251,09/02/2020
000120,20200902,S,102,120,119,161,309,680,1039,1295,1431,1544,1723,1664,1567,1565,1510,1479,1478,1312,1132,836,619,467,253,190,09/02/2020
000120,20200903,P,158,111,72,102,137,265,488,703,914,1095,1378,1427,1576,1727,1804,1969,1954,1789,1519,1116,839,621,341,206,09/03/2020
000120,20200903,S,165,120,109,161,305,675,1115,1376,1655,1918,2013,1987,2078,2186,2270,2454,2500,2353,1991,1438,1160,810,493,275,09/03/2020
000120,20200904,P,202,109,76,124,114,214,353,788,888,1125,1446,1651,1823,1904,2129,2267,2098,2022,1263,1343,1013,908,488,288,09/04/2020
000120,20200904,S,201,156,152,209,405,792,1334,1792,2184,2420,2609,2711,2987,3288,3041,2987,3030,2921,2839,2880,2811,1197,635,401,09/04/2020
000120,20200905,P,133,121,78,81,99,182,278,555,821,1330,1695,1968,2193,2349,2492,2670,2710,2580,2265,1830,1477,1016,615,338,09/05/2020
000120,20200905,S,261,162,187,276,546,960,1881,2808,3021,3033,2960,2860,2973,3066,3082,2889,2880,1671,1320,1009,714,559,356,232,09/05/2020
000120,20200906,P,195,132,76,90,122,153,300,560,909,1541,2459,3012,2850,3374,3977,3951,4062,3952,3909,3403,2493,1536,798,378,09/06/2020
000120,20200906,S,158,103,84,167,344,641,1100,1699,2370,3098,3205,3065,3081,2941,2369,1928,1524,1187,959,747,623,412,309,209,09/06/2020
000120,20200907,P,238,149,108,101,176,260,573,1116,2230,3708,4205,4304,4204,4179,4153,3986,4149,4112,3899,3716,3734,3292,890,412,09/07/2020
000120,20200907,S,134,93,116,168,286,500,778,1094,1585,1887,1965,2476,2076,1881,1709,1575,1214,1046,854,757,573,413,302,174,09/07/2020
000120,20200908,P,195,150,97,111,143,270,571,771,863,1154,1340,1358,1235,1237,1106,726,652,567,1022,442,364,272,373,392,09/08/2020
000120,20200908,S,114,94,79,107,202,465,622,674,772,885,919,979,991,947,1018,884,743,556,379,305,234,201,122,102,09/08/2020
000120,20200909,P,171,98,110,77,88,179,365,570,750,940,1212,1400,1308,1432,1444,1441,1344,1344,1131,746,574,395,241,180,09/09/2020
000120,20200909,S,82,80,83,88,182,411,597,804,928,1033,1259,1251,1366,1343,1312,1357,1183,948,815,579,459,339,207,135,09/09/2020
000120,20200910,P,106,95,73,82,118,226,422,655,905,1118,1359,1418,1424,1523,1609,1651,1701,1619,1157,839,526,459,282,198,09/10/2020
000120,20200910,S,106,92,110,137,247,557,873,1101,1368,1563,1788,1741,1820,1830,1881,1956,1843,1610,1292,964,666,464,266,201,09/10/2020
000120,20200911,P,128,89,62,94,105,232,411,634,888,1157,1476,1646,1674,1736,1895,1987,1906,1865,1624,1101,855,567,365,248,09/11/2020
000120,20200911,S,131,102,110,178,293,631,964,1323,1609,2047,2411,2553,2614,2799,2881,2911,2943,2727,2139,1566,1098,621,381,252,09/11/2020
000120,20200912,P,147,91,77,94,114,201,312,593,889,1341,1721,2008,2004,2320,2398,2638,2806,2709,2162,1720,1368,862,504,298,09/12/2020
000120,20200912,S,155,113,132,190,414,706,1189,1650,2223,2713,3003,2758,3024,2647,2446,2234,1793,1386,1121,936,653,443,323,218,09/12/2020
000120,20200913,P,184,116,71,90,106,162,296,562,1105,1722,2813,3424,3402,3696,3735,3634,3655,3310,2502,2188,1539,939,466,289,09/13/2020
000120,20200913,S,135,94,90,97,261,422,748,1097,1631,2081,2417,2454,2399,2171,1974,1825,1524,1265,971,852,582,423,256,181,09/13/2020
000120,20200914,P,183,117,91,88,145,288,626,961,1222,1304,1698,1844,1878,1986,823,1134,1349,2386,2894,1343,615,454,416,195,09/14/2020
000120,20200914,S,109,85,98,104,270,704,1209,1331,1468,1705,1831,1817,1671,1544,1395,1503,1284,1111,905,648,487,345,235,168,09/14/2020
000120,20200915,P,123,111,99,108,113,231,501,730,956,1198,1270,1525,1580,1736,1896,1929,1872,1396,1756,815,534,549,419,312,09/15/2020
000120,20200915,S,140,111,93,140,250,602,995,1241,1397,1606,1757,1729,1571,1506,1454,1403,1266,1173,942,748,530,344,260,175,09/15/2020
000120,20200916,P,218,111,103,97,128,261,489,729,968,1216,1406,1535,1586,1756,1907,2003,1988,1780,1496,1083,655,517,336,250,09/16/2020
000120,20200916,S,131,110,95,142,279,664,1009,1299,1449,1728,1806,1720,1614,1564,1598,1571,1503,1327,1078,873,682,449,300,199,09/16/2020
000120,20200917,P,150,120,97,102,124,286,469,781,991,1200,1494,1652,1601,1815,1998,2207,2085,1828,1664,1098,628,532,258,375,09/17/2020
000120,20200917,S,154,120,137,153,294,716,1011,1410,1525,1894,2120,2133,1931,2007,2111,2206,2223,1960,1755,1255,923,557,369,226,09/17/2020
000120,20200918,P,328,129,99,123,136,239,482,713,964,1273,1637,1806,1969,2200,2452,2475,2557,2270,1825,1358,1022,625,394,291,09/18/2020
000120,20200918,S,155,149,124,190,287,653,1113,1491,1927,2432,2878,2792,2655,2714,2683,2854,3091,3167,2323,1214,1154,1067,724,263,09/18/2020
000120,20200919,P,164,82,99,82,112,188,346,586,993,1454,1940,2235,2524,2885,3230,3244,3383,3029,2546,2037,1553,970,547,299,09/19/2020
000120,20200919,S,177,133,143,228,467,801,1380,1947,2874,3245,3097,3104,3110,3014,3053,1634,2314,1397,1134,861,729,500,296,180,09/19/2020
000120,20200920,P,198,91,94,97,106,174,368,638,1176,2092,3489,3066,1601,1176,3420,4254,4296,4107,4023,3790,3638,2168,887,290,09/20/2020
000120,20200920,S,142,97,99,128,247,439,762,1239,1844,2524,2758,2744,2582,2346,2077,1839,1566,1212,946,756,579,412,276,204,09/20/2020
000120,20200921,P,173,114,92,112,146,334,761,1140,1291,1439,1844,1594,1788,2865,2645,2411,2315,2045,1663,1185,664,458,388,306,09/21/2020
000120,20200921,S,114,114,94,137,268,763,1169,1337,1570,1909,2145,1972,1788,1730,1587,1505,1377,1097,882,751,501,406,289,185,09/21/2020
000120,20200922,P,172,120,80,87,102,247,451,704,917,1111,1396,1466,1561,1652,1816,2234,2021,1719,1443,1091,624,432,394,267,09/22/2020
000120,20200922,S,122,113,94,111,241,636,967,1201,1368,1733,1916,1752,1535,1546,1481,1436,1281,1236,910,706,511,369,259,180,09/22/2020
000120,20200923,P,196,135,73,82,101,296,514,690,948,1112,1415,1429,1446,1567,1881,2734,2184,1919,1596,1237,682,568,466,232,09/23/2020
000120,20200923,S,124,118,89,137,254,615,1095,1307,1631,1948,2036,2019,1731,1779,1691,1665,1528,1330,1153,894,578,418,288,217,09/23/2020
000120,20200924,P,147,123,76,113,127,286,470,736,937,1154,1338,1387,1636,2428,2223,2340,2329,2084,1752,1287,675,511,411,460,09/24/2020
000120,20200924,S,120,129,97,173,304,708,1108,1389,1645,2166,2489,2377,2087,1966,1882,2017,2043,1878,1644,1213,884,580,374,222,09/24/2020
000120,20200925,P,156,137,84,122,169,248,465,722,929,1184,1666,1923,1978,2266,2653,2732,2827,2436,1762,1492,1261,734,428,238,09/25/2020
000120,20200925,S,153,39,14,35,83,757,1169,1605,1971,2769,2495,2828,2850,3042,2998,2829,2842,2925,2872,2856,1437,827,427,265,09/25/2020
000120,20200926,P,152,101,85,93,123,204,336,669,978,1556,2067,2465,2818,3263,3515,3626,3716,3562,3109,2418,1756,1076,553,348,09/26/2020
000120,20200926,S,143,126,126,228,461,874,1652,2591,3089,2325,2959,2902,2948,2841,2873,2960,2260,1485,1148,794,645,453,329,186,09/26/2020
000120,20200927,P,201,123,78,93,130,175,335,693,1386,2442,3510,3788,4160,4237,4110,4125,4105,3243,4049,3446,3001,1620,661,404,09/27/2020
000120,20200927,S,160,99,79,132,217,439,777,1421,2125,2627,2997,3039,2666,2322,2186,1890,1436,1199,1126,705,554,375,228,156,09/27/2020
000120,20200928,P,164,105,109,113,138,271,772,1054,1309,1471,2008,2093,2172,2312,2487,2639,2545,2211,1718,1404,825,467,384,186,09/28/2020
000120,20200928,S,116,120,92,136,266,730,1098,1256,1437,1703,2089,2107,1827,1737,1564,1527,1382,1101,796,664,499,355,232,179,09/28/2020
000120,20200929,P,163,122,73,119,136,239,437,690,932,1108,1386,1588,1601,1838,1599,1434,1393,2001,1702,1102,614,442,282,315,09/29/2020
000120,20200929,S,126,107,106,163,261,688,1008,1118,1383,1536,2183,1989,1624,1573,1452,1383,1218,1165,817,690,501,362,246,149,09/29/2020
000120,20200930,P,236,109,103,142,125,232,515,740,979,1093,1370,1548,1689,1551,1250,1293,2484,1909,1591,1251,628,493,469,293,09/30/2020
000120,20200930,S,122,112,101,155,250,657,1104,1275,1498,1704,1994,1880,1733,1600,1515,1531,1497,1287,1053,771,600,393,291,199,09/30/2020
000120,20201001,P,168,115,106,117,151,279,540,733,934,1195,1385,1507,1700,1889,2139,2108,2308,1931,1543,1216,631,456,438,303,10/01/2020
000120,20201001,S,146,124,113,152,239,655,1088,1299,1515,1544,2278,2114,2077,1956,1997,1965,2019,1853,1550,1135,845,523,329,234,10/01/2020
000120,20201002,P,200,131,114,110,148,276,436,659,878,1179,1518,1722,1615,2325,2411,2524,2424,2312,1889,1339,888,603,410,249,10/02/2020
000120,20201002,S,166,126,110,156,253,621,1093,1424,1818,2299,2872,2804,2962,2902,3180,3018,3082,2697,2263,1512,1054,644,417,238,10/02/2020
000120,20201003,P,153,125,75,89,97,203,316,571,946,1452,1935,2311,2428,2625,2875,3289,3160,3089,2627,2050,1379,847,492,275,10/03/2020
000120,20201003,S,179,117,123,164,393,708,1210,1946,2449,2771,3145,2932,3076,3007,2563,2232,1879,1478,1135,916,647,449,290,195,10/03/2020
000120,20201004,P,167,101,73,69,111,188,299,576,1119,1991,3018,3763,3855,3884,3946,3799,3870,3713,3569,2524,1706,1032,413,243,10/04/2020
000120,20201004,S,120,87,89,93,235,352,694,1121,1686,2257,2621,2990,2696,1689,1305,1619,2484,1457,1011,765,602,397,284,177,10/04/2020
000120,20201005,P,181,126,80,112,151,312,680,954,1180,1313,1640,1816,1876,1987,2150,2290,2351,2010,1515,1061,488,378,471,317,10/05/2020
000120,20201005,S,106,115,109,144,254,713,1089,1308,1385,1740,1869,1743,1676,1529,1440,1472,1238,1139,833,621,491,339,217,172,10/05/2020
000120,20201006,P,147,97,111,80,125,255,511,688,912,1083,1214,1367,1531,1684,1876,1818,1929,1845,1325,995,712,434,288,221,10/06/2020
000120,20201006,S,132,103,106,113,245,618,915,1219,1371,1574,1726,1777,1533,1365,1397,1298,1258,1069,861,649,477,377,223,156,10/06/2020
000120,20201007,P,181,120,102,89,129,283,469,721,865,1053,1230,1435,1537,1646,1782,1933,1900,1808,1441,1078,653,431,312,165,10/07/2020
000120,20201007,S,135,110,116,145,254,642,1028,1354,1387,1648,1742,1772,1608,1504,1455,1452,1372,1247,985,799,570,422,293,191,10/07/2020
000120,20201008,P,135,97,93,122,136,261,452,716,854,1052,1269,1455,1497,1848,1870,2034,2071,1938,1596,1117,747,487,319,194,10/08/2020
000120,20201008,S,130,125,131,156,300,698,1145,1435,1434,1569,2242,2150,1949,2055,1989,2047,1984,1800,1464,1173,799,477,248,29,10/08/2020
000120,20201009,P,155,117,82,102,142,227,455,628,852,1065,1402,1756,1700,2089,1633,1852,2215,2719,2399,1442,1004,734,480,275,10/09/2020
000120,20201009,S,7,124,125,158,233,405,518,235,406,1487,1604,1626,1735,1773,2407,2682,2397,2299,2167,1542,1189,791,455,391,10/09/2020
000120,20201010,P,154,120,119,95,107,188,309,596,991,1347,1883,2171,2326,2387,2856,3102,3024,3208,3008,2046,1322,874,479,257,10/10/2020
000120,20201010,S,186,147,155,196,385,782,1367,1790,2338,2916,2607,2569,2835,2827,2763,2261,1949,1436,1091,858,665,440,251,204,10/10/2020
000120,20201011,P,180,94,94,99,136,185,311,562,1113,1930,3001,3313,3615,3337,3512,3013,2368,2503,2533,2422,1409,774,379,207,10/11/2020
000120,20201011,S,120,95,72,105,142,319,534,783,1254,1722,2028,2206,2146,1985,1667,1609,1390,1146,744,540,419,294,167,150,10/11/2020
000120,20201017,P,170,101,80,90,128,176,267,532,931,1457,2012,2294,2322,2635,2613,2693,2735,2553,1932,1456,958,360,306,477,10/17/2020
000120,20201017,S,174,123,116,141,231,505,887,1308,1754,2327,2712,2812,2669,2316,2394,1941,1734,1353,1040,805,667,386,307,185,10/17/2020
000120,20201018,P,192,159,96,90,109,210,350,546,980,1782,2806,3157,3311,3196,3262,3200,3215,2679,2123,1682,1266,947,457,240,10/18/2020
000120,20201018,S,135,90,78,93,180,292,507,744,1098,1564,1991,2065,2000,2022,1910,1774,1286,1107,1059,789,563,369,280,182,10/18/2020
000120,20201019,P,146,112,90,100,138,267,569,835,1040,1301,1652,1468,2193,1799,1872,1902,1870,2294,1382,980,635,437,253,167,10/19/2020
000120,20201019,S,123,99,91,128,253,629,1011,1183,1256,1456,1592,1533,1409,1322,1283,1232,1009,909,852,595,427,314,251,172,10/19/2020
000120,20201020,P,137,82,76,73,103,247,447,702,841,1019,1307,1413,1414,1582,1638,1761,1954,1603,1296,915,581,414,284,189,10/20/2020
000120,20201020,S,87,89,87,116,216,567,926,1143,1250,1353,1431,1363,1211,1294,1239,1083,1051,999,798,636,470,378,233,164,10/20/2020
000120,20201021,P,121,91,80,82,126,244,426,675,897,966,1145,1365,1257,1481,1515,1688,1735,1679,1267,919,611,614,653,379,10/21/2020
000120,20201021,S,100,82,101,128,234,617,902,1288,1337,1489,1526,1496,1339,1360,1320,1316,1086,1006,1012,746,565,435,276,170,10/21/2020
000120,20201022,P,181,116,98,84,98,283,443,644,790,988,1274,1355,1346,1565,1595,1956,2234,1568,1498,1101,659,412,61,64,10/22/2020
000120,20201022,S,149,135,135,169,264,642,1107,1322,1476,1690,1759,1844,1735,1791,1847,1796,1706,1284,1106,844,549,348,232,185,10/22/2020
000120,20201023,P,435,86,88,91,162,200,392,601,728,1002,1240,1452,1469,1574,1642,1794,1903,2021,1482,1030,682,516,291,228,10/23/2020
000120,20201023,S,104,143,122,148,241,611,1019,1279,1367,1786,2086,2210,2103,2304,2322,2359,2289,2034,1518,1147,719,494,340,246,10/23/2020
000120,20201024,P,133,89,70,70,112,173,285,518,804,1232,1704,1958,1955,2000,2110,2341,2237,2105,1762,1341,1085,745,503,327,10/24/2020
000120,20201024,S,137,108,110,154,244,487,656,980,1260,1674,2034,2036,1948,1896,1887,1806,1583,1341,1032,879,647,462,338,257,10/24/2020
000120,20201025,P,208,126,107,96,122,172,247,473,818,1373,1844,2549,2030,1617,1381,1072,474,626,450,443,389,238,156,80,10/25/2020
000120,20201025,S,148,99,93,78,77,153,227,330,430,699,770,985,885,915,787,798,559,420,231,253,184,120,78,66,10/25/2020
000120,20201026,P,50,75,74,67,90,124,240,327,363,534,658,873,1005,1021,1061,1274,1315,1185,697,671,407,266,165,140,10/26/2020
000120,20201026,S,37,48,58,57,102,191,279,341,402,449,586,809,851,869,918,911,793,649,473,381,279,178,146,137,10/26/2020
000120,20201027,P,70,50,54,58,77,174,320,534,598,763,978,889,1351,1423,1568,1786,1711,1317,1123,355,715,399,232,132,10/27/2020
000120,20201027,S,87,67,75,95,171,426,613,837,1064,1066,1240,1244,1174,1145,1044,1090,983,868,719,469,383,255,162,120,10/27/2020
000120,20201028,P,130,78,57,76,104,182,400,516,687,967,1072,1260,1310,1369,1464,1447,1469,1536,1158,724,517,370,244,158,10/28/2020
000120,20201028,S,114,80,81,122,188,442,656,994,1044,1148,1273,1195,1119,1134,1178,1129,1132,987,701,611,433,264,180,168,10/28/2020
000120,20201029,P,134,94,75,80,84,185,421,569,768,898,1187,1185,1304,1368,1521,1557,1657,1543,1293,807,559,403,256,160,10/29/2020
000120,20201029,S,105,81,103,134,209,533,797,971,1038,1238,1289,1264,1280,1329,1454,1463,1365,1262,1115,762,550,364,252,177,10/29/2020
000120,20201030,P,129,93,69,82,110,212,395,581,729,983,1296,1430,1546,1686,1767,1662,2241,1975,1442,994,687,468,288,193,10/30/2020
000120,20201030,S,116,98,107,126,215,468,815,1011,1184,1382,1496,1631,1663,1718,1858,1831,1795,1640,1374,976,682,465,305,195,10/30/2020
000120,20201031,P,173,103,73,76,98,152,243,426,733,1076,1402,1691,1643,1801,1932,1927,1942,1599,1142,827,629,383,314,197,10/31/2020
000120,20201031,S,157,113,86,114,180,424,548,896,1085,1410,1698,1663,1597,1550,1462,1387,1156,959,773,566,439,338,231,157,10/31/2020
000120,20201101,P,138,85,56,55,78,145,255,442,736,1313,2085,2141,2088,2031,2112,2214,2034,1760,1416,932,684,403,268,154,11/01/2020
000120,20201101,S,108,79,68,92,119,247,427,643,872,1204,1442,1668,1624,1524,1574,1420,1248,1014,781,564,436,262,176,107,11/01/2020
000120,20201102,P,108,97,61,70,112,213,507,707,889,1064,1326,1370,1321,1320,1411,1522,1571,1399,947,660,425,331,193,148,11/02/2020
000120,20201102,S,98,70,71,107,240,599,963,1105,1106,1280,1283,1247,1205,1141,1113,1122,1052,893,725,488,403,263,192,146,11/02/2020
000120,20201103,P,120,66,63,73,92,184,416,585,731,967,1030,1100,1093,1216,1323,1422,1320,1373,1223,743,367,252,225,148,11/03/2020
000120,20201103,S,102,81,89,113,200,563,857,1026,1151,1307,1287,1157,1038,1087,1057,1044,1104,857,650,508,344,228,193,149,11/03/2020
000120,20201104,P,117,72,70,48,86,203,404,560,767,919,1005,1135,1121,1244,1329,1386,1379,1266,1065,654,431,264,187,155,11/04/2020
000120,20201104,S,108,74,90,106,218,561,865,1087,1146,1315,1213,1215,1157,1170,1161,1093,1055,1019,799,541,407,296,206,169,11/04/2020
000120,20201105,P,100,81,76,70,109,213,393,522,790,969,1095,1151,1169,1274,1305,1387,1609,1583,1383,682,484,337,256,148,11/05/2020
000120,20201105,S,101,108,95,138,243,628,1017,1238,1347,1477,1454,1533,1371,1389,1493,1480,1549,1391,1083,788,611,390,266,182,11/05/2020
000120,20201106,P,138,87,66,74,124,217,396,609,807,1028,1178,1331,1377,1739,1730,1979,1919,1746,1413,857,590,380,261,214,11/06/2020
000120,20201106,S,129,112,110,118,260,644,1183,1319,1323,2234,2026,2145,2036,2117,2127,2241,2364,2078,1624,1170,750,481,311,195,11/06/2020
000120,20201107,P,135,89,73,86,115,156,265,442,763,1181,1504,1741,1845,2047,2225,2300,2241,1870,1339,806,546,377,234,147,11/07/2020
000120,20201107,S,139,125,132,152,254,464,868,1236,1574,1911,2069,2084,2033,1828,1607,1451,1258,1063,784,588,502,319,211,148,11/07/2020
000120,20201108,P,90,71,57,45,42,107,155,354,640,1175,2125,2500,2437,2550,2494,2329,2185,1668,1092,851,553,372,190,100,11/08/2020
000120,20201108,S,99,63,55,76,87,162,338,592,738,1000,1251,1316,1392,1396,1349,1270,1103,910,629,487,367,250,178,125,11/08/2020
000120,20201109,P,80,61,39,57,92,190,416,563,707,820,961,883,1518,1125,892,553,504,398,734,1035,399,211,137,95,11/09/2020
000120,20201109,S,87,72,69,100,200,431,645,860,857,914,889,858,778,711,794,724,499,471,334,261,210,143,118,129,11/09/2020
000120,20201110,P,46,58,52,35,79,154,310,454,668,813,1058,1193,1372,1414,1419,1359,1440,1199,952,505,366,277,194,151,11/10/2020
000120,20201110,S,71,67,64,90,178,375,583,927,1092,996,1080,1060,948,944,959,1016,995,793,594,430,354,244,177,116,11/10/2020
000120,20201111,P,104,77,63,63,105,185,368,562,742,944,1238,1326,1445,1524,1462,1571,1600,1364,1318,896,387,281,203,151,11/11/2020
000120,20201111,S,93,92,82,94,201,494,741,1261,1482,1495,1259,1279,1208,1151,1142,1222,1128,936,655,521,376,298,209,145,11/11/2020
000120,20201112,P,117,61,53,65,90,153,327,476,586,623,1113,1172,1288,1457,1456,1491,1653,1472,1158,649,464,337,200,134,11/12/2020
000120,20201112,S,128,97,97,124,206,479,739,1099,1205,1176,1071,1186,1172,1224,1210,1422,1443,1147,936,713,518,325,246,163,11/12/2020
000120,20201113,P,101,87,80,73,100,201,336,600,790,932,1178,1305,1590,1720,1791,1957,2127,2889,1364,913,603,447,348,191,11/13/2020
000120,20201113,S,130,96,94,121,188,462,833,1451,1645,1630,1726,1737,1594,1794,1847,1921,2167,1880,1459,1052,751,474,303,173,11/13/2020
000120,20201114,P,87,72,69,60,88,108,182,284,375,574,1004,954,1226,1056,672,939,836,647,375,835,690,328,216,114,11/14/2020
000120,20201114,S,136,93,76,96,120,228,689,1179,976,1226,1160,1200,1138,1069,962,788,506,335,230,240,181,171,149,79,11/14/2020
000120,20201115,P,104,95,53,68,96,154,310,518,952,1437,2289,2568,2987,2603,2527,2353,2149,1619,1102,742,542,346,201,124,11/15/2020
000120,20201115,S,65,64,49,63,101,235,684,1261,1277,1370,1494,1548,1416,1373,1325,1174,1065,794,624,471,345,229,168,119,11/15/2020
000120,20201116,P,94,74,68,80,108,268,488,764,896,1045,1225,1379,1431,1447,1565,1541,1572,1480,1103,556,408,295,212,155,11/16/2020
000120,20201116,S,96,86,73,106,206,547,842,1430,1635,1535,1404,1251,1150,1110,1108,1052,1028,810,643,486,347,261,184,105,11/16/2020
000120,20201117,P,103,69,56,74,97,183,381,589,792,973,1050,1230,1284,1407,1409,1573,1581,1403,1270,636,382,270,187,161,11/17/2020
000120,20201117,S,111,78,90,109,223,496,861,1348,1593,1518,1393,1279,1177,928,673,648,792,670,643,534,373,284,178,150,11/17/2020
000120,20201118,P,113,77,75,62,98,238,393,593,760,1018,1095,1286,1283,1412,1455,1488,1640,1481,1237,928,405,315,177,154,11/18/2020
000120,20201118,S,102,98,95,136,238,542,899,1392,1419,1576,1402,1194,1112,1130,809,771,815,713,689,558,445,290,185,148,11/18/2020
000120,20201119,P,125,106,85,77,111,245,433,612,780,1060,1139,1280,1391,1450,1569,1859,1792,1419,1275,699,408,336,231,169,11/19/2020
000120,20201119,S,122,82,98,136,223,558,837,1384,1635,1501,1431,1349,1236,1365,1350,1440,1344,1254,983,749,583,373,277,172,11/19/2020
000120,20201120,P,135,81,84,91,135,216,382,563,809,974,1220,1313,1519,1737,1891,2040,2019,1607,1152,692,520,333,226,173,11/20/2020
000120,20201120,S,132,101,105,137,223,518,908,1498,1691,1687,1597,1719,1711,1773,1930,2031,2114,1631,1432,1002,741,473,295,224,11/20/2020
000120,20201121,P,129,90,87,97,101,152,272,421,662,980,1357,1632,1778,2002,2129,2229,2190,1757,1120,738,506,365,259,151,11/21/2020
000120,20201121,S,145,124,103,130,240,462,1181,1921,1738,1830,2008,2193,2087,2083,1954,1802,1426,1097,982,694,487,381,238,155,11/21/2020
000120,20201122,P,99,77,57,88,113,149,230,351,631,1146,1860,2284,2323,2531,2721,2670,2483,1296,1450,1087,628,408,227,160,11/22/2020
000120,20201122,S,111,81,69,80,149,314,648,1425,1474,1564,1801,1848,1889,1743,1746,1601,1244,1000,795,592,433,266,180,129,11/22/2020
000120,20201123,P,122,74,76,69,107,223,450,653,854,1033,1426,1559,1708,1487,1731,1753,1834,1649,1343,660,415,344,215,148,11/23/2020
000120,20201123,S,111,90,84,96,225,510,875,1394,1542,1601,1500,1547,1484,1489,1337,1235,1180,1068,825,591,455,310,235,151,11/23/2020
000120,20201124,P,119,77,55,42,67,127,265,362,447,598,622,1030,1257,963,1395,2061,1529,1223,769,550,371,279,201,152,11/24/2020
000120,20201124,S,119,91,70,41,84,173,337,722,918,784,1142,1095,1323,1179,1225,1043,1047,937,716,512,417,302,215,160,11/24/2020
000120,20201125,P,111,80,80,72,118,205,363,533,828,1055,1564,1802,2021,2236,2396,2536,2350,1944,1198,789,533,378,234,176,11/25/2020
000120,20201125,S,113,112,101,125,181,477,703,1564,2003,1971,2199,2367,1827,1910,2726,2664,2105,1595,1217,859,598,421,228,172,11/25/2020
000120,20201126,P,111,80,71,72,74,114,158,245,380,729,1047,1305,1400,1376,1265,1191,1061,756,510,379,336,241,166,124,11/26/2020
000120,20201126,S,137,104,72,73,94,227,586,1224,1143,1262,1465,1512,1246,951,798,560,524,547,511,370,244,172,126,96,11/26/2020
000120,20201127,P,77,62,51,57,105,168,298,417,647,1019,1552,1882,1936,2223,2488,2543,2462,1861,1053,640,488,333,211,153,11/27/2020
000120,20201127,S,74,77,63,68,141,259,628,1359,1465,1835,2339,2597,2418,2050,1879,1653,1137,827,706,605,423,317,205,139,11/27/2020
000120,20201128,P,86,63,69,78,118,188,323,516,869,1330,2288,2879,2851,3046,3292,3548,3308,2396,1557,989,690,476,340,220,11/28/2020
000120,20201128,S,92,87,61,75,131,295,821,1442,1458,1736,2217,2020,1904,1609,1380,1263,903,856,702,516,375,265,186,143,11/28/2020
000120,20201129,P,112,104,90,102,118,214,375,571,899,1582,2561,3183,3079,3279,3351,3370,3080,2338,1504,1078,701,464,310,184,11/29/2020
000120,20201129,S,85,79,56,66,128,252,684,1403,1471,1387,1533,1647,1588,1398,1339,1153,887,766,599,453,341,240,183,111,11/29/2020
000120,20201130,P,122,123,82,71,138,255,446,691,887,1114,1329,1429,1472,1566,1741,1798,1786,1688,1505,842,441,276,216,134,11/30/2020
000120,20201130,S,87,89,74,110,181,467,813,1348,1197,969,1157,1292,946,862,809,771,804,634,423,314,259,198,126,115,11/30/2020
000120,20201201,P,130,80,70,64,106,196,336,487,545,776,889,1093,1167,1257,1386,1404,1452,1152,751,433,295,247,186,100,12/01/2020
000120,20201201,S,81,84,69,86,135,297,444,957,1036,873,766,708,656,667,617,632,647,533,504,343,212,157,119,115,12/01/2020
000120,20201202,P,107,89,78,57,98,184,329,490,664,821,957,1056,1191,1336,1431,1692,1491,1304,884,500,348,274,158,121,12/02/2020
000120,20201202,S,65,73,60,86,145,352,542,1003,1068,884,929,813,783,719,790,763,699,630,463,402,307,213,148,102,12/02/2020
000120,20201203,P,100,83,88,70,102,184,356,518,634,836,1011,1140,1275,1396,1573,1988,1991,1619,962,553,380,248,191,145,12/03/2020
000120,20201203,S,87,74,86,82,159,354,624,977,1158,1006,1195,1018,873,505,277,787,271,142,188,166,149,129,97,81,12/03/2020
000120,20201204,P,96,78,81,83,105,198,372,498,656,842,1106,1286,1372,1442,1680,2416,3092,2494,1168,658,491,323,226,149,12/04/2020
000120,20201204,S,82,89,73,102,127,319,615,1462,1546,2122,1925,1819,1663,1762,1856,2023,2226,2009,1711,1267,938,552,302,234,12/04/2020
000120,20201205,P,110,90,71,73,105,133,234,387,679,1093,1371,1732,2050,2461,3078,3681,3636,2860,1351,776,483,347,231,156,12/05/2020
000120,20201205,S,150,126,74,101,148,504,2076,3376,3132,2462,2413,2281,2133,1834,1694,1604,1374,1043,846,598,480,351,249,131,12/05/2020
000120,20201206,P,126,87,59,78,79,159,271,434,712,1339,2088,2640,2766,3387,3492,3865,3087,3817,1550,993,660,396,204,100,12/06/2020
000120,20201206,S,98,61,67,79,125,277,1127,2447,2664,2046,1931,1844,1685,1478,1501,1227,1067,838,659,547,355,266,180,128,12/06/2020
000120,20201207,P,114,62,63,61,139,273,521,778,913,1061,1283,1393,1344,1490,1568,2111,2240,1533,891,548,354,228,175,125,12/07/2020
000120,20201207,S,81,92,85,87,168,509,842,1514,1733,1030,880,867,995,893,932,1040,1048,911,677,531,389,271,179,152,12/07/2020
000120,20201208,P,92,73,59,57,87,192,388,566,781,946,1013,1135,1232,1430,1512,2135,1869,1734,1366,642,384,255,202,130,12/08/2020
000120,20201208,S,114,92,80,101,200,492,830,1601,1857,1026,945,937,836,825,984,1070,1054,899,713,555,403,320,192,144,12/08/2020
000120,20201209,P,108,78,63,74,92,217,443,575,838,938,1074,1109,1264,1435,1588,2542,2219,1694,1024,579,436,274,188,140,12/09/2020
000120,20201209,S,128,74,78,113,206,432,929,1581,1066,1213,1082,1119,1068,778,682,717,920,1003,826,697,570,405,260,158,12/09/2020
000120,20201210,P,113,83,63,76,117,232,388,644,796,938,1078,1131,1301,1459,1622,1651,1633,2489,1812,638,429,296,249,177,12/10/2020
000120,20201210,S,131,105,91,140,203,468,880,1703,1234,1208,1255,1233,1318,1494,1575,1729,1762,1587,1400,1112,823,463,383,209,12/10/2020
000120,20201211,P,119,102,74,57,102,164,289,395,492,644,921,792,726,2382,1929,2135,1952,1819,989,578,347,257,115,105,12/11/2020
000120,20201211,S,133,115,77,99,136,337,882,2273,2356,1839,1480,1607,1415,1621,1749,2028,2150,1793,1516,1119,715,519,338,202,12/11/2020
000120,20201212,P,150,93,53,71,88,127,236,382,614,908,1375,1668,2008,2570,2826,2685,2735,2283,1083,625,396,259,176,147,12/12/2020
000120,20201212,S,134,71,82,81,130,474,2669,3386,2700,1856,1925,1813,1678,1511,1673,1444,1101,820,616,447,382,264,197,112,12/12/2020
000120,20201213,P,93,77,52,66,93,148,242,363,683,1213,2281,3091,3090,3597,2565,2678,2426,2225,3180,2865,2249,649,315,185,12/13/2020
000120,20201213,S,80,54,42,64,73,276,1517,2990,2728,2029,1900,1841,1764,1564,1533,1435,1089,932,752,594,424,362,218,167,12/13/2020
000120,20201214,P,109,91,68,81,132,275,571,910,985,1120,1306,1409,1434,1671,1751,1903,1626,1643,2126,948,348,227,179,110,12/14/2020
000120,20201214,S,109,92,84,92,181,448,847,2013,1385,994,1074,1085,1172,1116,1052,1131,972,912,609,414,367,275,177,115,12/14/2020
000120,20201215,P,118,74,61,54,86,144,353,557,661,755,1033,1118,1269,1475,1779,2502,2193,1637,945,565,371,289,191,146,12/15/2020
000120,20201215,S,100,81,77,87,163,332,712,1516,1141,1234,1210,1222,1061,1018,1094,1014,1079,904,717,555,429,290,191,135,12/15/2020
000120,20201216,P,87,81,48,70,96,200,427,608,794,861,1184,1210,1335,1451,1580,1871,2152,2502,1491,719,440,383,230,142,12/16/2020
000120,20201216,S,95,110,92,116,225,452,884,1529,993,984,907,1058,906,978,834,950,1186,984,870,666,525,396,245,166,12/16/2020
000120,20201217,P,123,77,81,90,98,237,455,615,856,1006,1208,1333,1420,1592,1882,1968,2024,1578,1610,1444,1163,388,250,180,12/17/2020
000120,20201217,S,140,101,98,120,207,485,1031,1494,1050,972,753,526,658,723,685,716,582,618,808,874,922,697,390,234,12/17/2020
000120,20201218,P,108,73,54,83,99,212,360,528,741,967,1160,1363,1981,2210,2688,2979,2848,2399,1135,742,494,362,261,180,12/18/2020
000120,20201218,S,158,128,104,129,201,480,1530,2910,3143,2071,2082,1713,1811,1625,2185,2053,1999,1726,1471,1229,971,640,411,264,12/18/2020
000120,20201219,P,129,96,76,79,104,179,315,464,784,1234,1804,2132,2386,2765,3150,3579,3581,2544,1380,868,599,402,287,212,12/19/2020
000120,20201219,S,165,135,110,123,233,636,2797,3188,2850,2454,2359,2493,2417,2281,2225,2196,1764,1334,1061,899,674,516,298,206,12/19/2020
000120,20201220,P,139,85,79,69,109,159,272,436,810,1355,2217,2651,2872,3320,3438,3307,3220,2513,1443,1025,755,528,273,196,12/20/2020
000120,20201220,S,125,95,73,82,151,408,1740,2815,2018,1929,2123,2168,2158,2220,2166,1865,1463,1086,916,740,504,427,256,186,12/20/2020
000120,20201221,P,98,104,64,104,151,263,481,763,992,1210,1438,1626,1885,1806,1830,1918,2114,2121,3056,1652,678,430,251,166,12/21/2020
000120,20201221,S,109,111,99,148,241,567,1512,3163,2957,1216,899,846,882,808,893,868,930,976,789,680,552,394,304,166,12/21/2020
000120,20201222,P,122,93,83,111,140,296,487,710,1081,1196,1492,1564,1882,1918,1982,2165,2065,1970,2703,1111,221,419,272,149,12/22/2020
000120,20201222,S,140,101,119,148,237,516,1537,3144,2661,986,763,808,840,714,660,639,691,627,874,616,467,371,283,173,12/22/2020
000120,20201223,P,238,124,70,91,156,215,442,603,838,1169,1780,1849,2269,2242,2374,2219,2532,1768,1604,1502,1286,692,367,192,12/23/2020
000120,20201223,S,143,112,120,131,235,475,1473,2897,2357,1804,1664,1897,1906,2006,2055,1882,1605,1325,1045,807,614,497,372,252,12/23/2020
000120,20201224,P,136,110,71,94,116,230,356,532,736,1066,1495,1888,2365,2766,2921,3095,2569,2232,1041,578,385,290,193,121,12/24/2020
000120,20201224,S,172,108,94,113,162,382,1611,3406,2628,2200,2270,2207,1995,1995,1913,1560,1280,966,774,564,460,403,244,160,12/24/2020
000120,20201225,P,75,48,58,41,63,65,143,196,311,524,915,1225,1569,2044,2436,2761,2763,2068,1190,660,469,363,222,142,12/25/2020
000120,20201225,S,92,62,40,36,60,185,949,2667,2327,2047,2028,1942,1863,1708,1569,1458,1106,913,785,685,610,410,275,151,12/25/2020
000120,20201226,P,74,40,55,69,78,181,302,536,838,1345,2158,2530,2592,2858,3313,3616,3546,3087,1895,1246,798,532,316,167,12/26/2020
000120,20201226,S,91,65,70,95,174,432,1832,3117,2349,2640,3050,3164,2914,2930,2953,2759,2116,1515,1192,894,721,456,319,264,12/26/2020
000120,20201227,P,120,61,68,79,94,115,217,383,672,1024,2196,2669,2915,2342,2999,3609,3525,3308,2176,1344,933,561,365,183,12/27/2020
000120,20201227,S,164,114,84,101,146,362,1598,2929,2438,2249,2792,2918,2932,2893,2679,2313,1699,1275,973,731,561,361,290,152,12/27/2020
000120,20201228,P,108,85,78,87,117,220,421,681,969,1078,1610,2022,2022,2266,2627,2895,2609,1935,1373,786,445,327,251,103,12/28/2020
000120,20201228,S,142,110,88,111,190,490,1350,3195,2822,2309,2337,2167,1960,1864,1755,1731,1288,938,628,522,392,245,231,159,12/28/2020
000120,20201229,P,72,65,55,67,94,137,301,413,545,773,1098,1441,1981,2304,2777,2814,2853,2620,1486,786,507,409,305,169,12/29/2020
000120,20201229,S,112,103,78,83,91,374,1108,2844,2638,2050,1920,1985,1778,1796,1725,1441,1410,1105,759,623,451,337,229,144,12/29/2020
